{"assets/icons/ambulance-flaticon.png":["assets/icons/ambulance-flaticon.png"],"assets/icons/ambulance.png":["assets/icons/ambulance.png"],"assets/icons/back.png":["assets/icons/back.png"],"assets/icons/bag.png":["assets/icons/bag.png"],"assets/icons/doctor-flaticon.png":["assets/icons/doctor-flaticon.png"],"assets/icons/doctor.png":["assets/icons/doctor.png"],"assets/icons/facebook.png":["assets/icons/facebook.png"],"assets/icons/google-32.png":["assets/icons/google-32.png"],"assets/icons/google.png":["assets/icons/google.png"],"assets/icons/home.png":["assets/icons/home.png"],"assets/icons/icons8-cart-32.png":["assets/icons/icons8-cart-32.png"],"assets/icons/icons8-doctors-50.png":["assets/icons/icons8-doctors-50.png"],"assets/icons/icons8-doctors-bag-32.png":["assets/icons/icons8-doctors-bag-32.png"],"assets/icons/icons8-home-32.png":["assets/icons/icons8-home-32.png"],"assets/icons/icons8-logout-32.png":["assets/icons/icons8-logout-32.png"],"assets/icons/icons8-money-50.png":["assets/icons/icons8-money-50.png"],"assets/icons/icons8-notification-32.png":["assets/icons/icons8-notification-32.png"],"assets/icons/icons8-package-50.png":["assets/icons/icons8-package-50.png"],"assets/icons/icons8-schedule-32.png":["assets/icons/icons8-schedule-32.png"],"assets/icons/icons8-support-32.png":["assets/icons/icons8-support-32.png"],"assets/icons/icons8-support-48.png":["assets/icons/icons8-support-48.png"],"assets/icons/icons8-twitter-100.png":["assets/icons/icons8-twitter-100.png"],"assets/icons/icons8-users-50.png":["assets/icons/icons8-users-50.png"],"assets/icons/icons8-x-100.png":["assets/icons/icons8-x-100.png"],"assets/icons/location.png":["assets/icons/location.png"],"assets/icons/mail.png":["assets/icons/mail.png"],"assets/icons/medical-checkup.png":["assets/icons/medical-checkup.png"],"assets/icons/news-report.png":["assets/icons/news-report.png"],"assets/icons/notification.png":["assets/icons/notification.png"],"assets/icons/nurse.png":["assets/icons/nurse.png"],"assets/icons/order.png":["assets/icons/order.png"],"assets/icons/package-48.png":["assets/icons/package-48.png"],"assets/icons/partners.png":["assets/icons/partners.png"],"assets/icons/password.png":["assets/icons/password.png"],"assets/icons/pharmacy.png":["assets/icons/pharmacy.png"],"assets/icons/pharmacy2.png":["assets/icons/pharmacy2.png"],"assets/icons/search.png":["assets/icons/search.png"],"assets/icons/search2.png":["assets/icons/search2.png"],"assets/icons/settings.png":["assets/icons/settings.png"],"assets/icons/user.png":["assets/icons/user.png"],"assets/images/app-icon-128.png":["assets/images/app-icon-128.png"],"assets/images/app-icon.png":["assets/images/app-icon.png"],"assets/images/bkash.png":["assets/images/bkash.png"],"assets/images/bkash2.png":["assets/images/bkash2.png"],"assets/images/doctor-demo.jpg":["assets/images/doctor-demo.jpg"],"assets/images/logo.png":["assets/images/logo.png"],"assets/images/logo2.png":["assets/images/logo2.png"],"assets/images/splash-bg.png":["assets/images/splash-bg.png"],"assets/images/vector illustration (1).png":["assets/images/vector illustration (1).png"],"assets/images/vector illustration (2).png":["assets/images/vector illustration (2).png"],"assets/images/vector illustration.png":["assets/images/vector illustration.png"],"assets/lottie/2c8ca09b.json":["assets/lottie/2c8ca09b.json"],"assets/lottie/3c0bce86.json":["assets/lottie/3c0bce86.json"],"assets/lottie/c651d888.json":["assets/lottie/c651d888.json"],"assets/lottie/calender.json":["assets/lottie/calender.json"],"assets/lottie/calender2.json":["assets/lottie/calender2.json"],"assets/lottie/cart.json":["assets/lottie/cart.json"],"assets/lottie/empty-cart.json":["assets/lottie/empty-cart.json"],"assets/lottie/f6cc5648.json":["assets/lottie/f6cc5648.json"],"assets/lottie/fav.json":["assets/lottie/fav.json"],"assets/lottie/fb3a6a17.json":["assets/lottie/fb3a6a17.json"],"assets/lottie/home.json":["assets/lottie/home.json"],"assets/lottie/loading.json":["assets/lottie/loading.json"],"assets/lottie/loading2.json":["assets/lottie/loading2.json"],"assets/lottie/payment-success.json":["assets/lottie/payment-success.json"],"assets/lottie/profile.json":["assets/lottie/profile.json"],"assets/lottie/settings.json":["assets/lottie/settings.json"],"assets/lottie/warning.json":["assets/lottie/warning.json"],"assets/svg/00d34e8d.svg":["assets/svg/00d34e8d.svg"],"assets/svg/2d7c0ad1.svg":["assets/svg/2d7c0ad1.svg"],"assets/svg/ab5e821d.svg":["assets/svg/ab5e821d.svg"],"assets/svg/checkup.svg":["assets/svg/checkup.svg"],"assets/svg/community.svg":["assets/svg/community.svg"],"assets/svg/emergency.svg":["assets/svg/emergency.svg"],"assets/svg/empty-cart.svg":["assets/svg/empty-cart.svg"],"assets/svg/male-doctor.svg":["assets/svg/male-doctor.svg"],"assets/svg/medical-news.svg":["assets/svg/medical-news.svg"],"assets/svg/menu.svg":["assets/svg/menu.svg"],"assets/svg/not-found.svg":["assets/svg/not-found.svg"],"assets/svg/notification.svg":["assets/svg/notification.svg"],"assets/svg/nurse.svg":["assets/svg/nurse.svg"],"assets/svg/search.svg":["assets/svg/search.svg"],"packages/cupertino_icons/assets/CupertinoIcons.ttf":["packages/cupertino_icons/assets/CupertinoIcons.ttf"]}