{"v":"4.8.0","meta":{"g":"LottieFiles AE 3.1.1","a":"Sadjad","k":"Cart","d":"Uicon Animated Icons","tc":""},"fr":30,"ip":0,"op":79,"w":128,"h":128,"nm":"Cart_lottie","ddd":0,"assets":[],"layers":[{"ddd":0,"ind":1,"ty":3,"nm":"Null 1","sr":1,"ks":{"o":{"a":0,"k":0,"ix":11},"r":{"a":0,"k":0,"ix":10},"p":{"a":0,"k":[64,64,0],"ix":2},"a":{"a":0,"k":[0,0,0],"ix":1},"s":{"a":1,"k":[{"i":{"x":[0.2,0.2,0.2],"y":[1,1,1]},"o":{"x":[0.8,0.8,0.8],"y":[0,0,0]},"t":26,"s":[100,100,100]},{"i":{"x":[0.2,0.2,0.2],"y":[1,1,1]},"o":{"x":[0.8,0.8,0.8],"y":[0,0,0]},"t":39,"s":[80,80,100]},{"i":{"x":[0.2,0.2,0.2],"y":[1,1,1]},"o":{"x":[0.8,0.8,0.8],"y":[0,0,0]},"t":54,"s":[90,90,100]},{"t":67,"s":[100,100,100]}],"ix":6}},"ao":0,"ip":0,"op":241,"st":0,"bm":0},{"ddd":0,"ind":2,"ty":4,"nm":"cart Outlines 2","parent":1,"td":1,"sr":1,"ks":{"o":{"a":0,"k":100,"ix":11},"r":{"a":1,"k":[{"i":{"x":[0.3],"y":[1]},"o":{"x":[0.7],"y":[0]},"t":11,"s":[0]},{"i":{"x":[0.3],"y":[1]},"o":{"x":[0.7],"y":[0]},"t":25,"s":[-15]},{"i":{"x":[0.3],"y":[1]},"o":{"x":[0.7],"y":[0]},"t":38,"s":[-15]},{"i":{"x":[0.3],"y":[1]},"o":{"x":[0.7],"y":[0]},"t":54,"s":[13]},{"t":67,"s":[0]}],"ix":10},"p":{"a":0,"k":[-17.5,21.25,0],"ix":2},"a":{"a":0,"k":[46.5,85.25,0],"ix":1},"s":{"a":0,"k":[100,100,100],"ix":6}},"ao":0,"shapes":[{"ty":"gr","it":[{"ind":0,"ty":"sh","ix":1,"ks":{"a":0,"k":{"i":[[0,0],[0,0],[-3.881,0],[0,0],[0,0]],"o":[[0,0],[0.676,3.821],[0,0],[0,0],[0,0]],"v":[[-22.055,15.5],[-20.924,21.894],[-13.047,28.5],[26.245,28.5],[28.494,16.75]],"c":false},"ix":2},"nm":"Path 1","mn":"ADBE Vector Shape - Group","hd":false},{"ind":1,"ty":"sh","ix":2,"ks":{"a":0,"k":{"i":[[0,0],[0,0],[4.04,0],[0,0]],"o":[[0,0],[-0.493,-4.01],[0,0],[0,0]],"v":[[-25.721,-13.606],[-26.689,-21.477],[-34.629,-28.5],[-38.256,-28.5]],"c":false},"ix":2},"nm":"Path 2","mn":"ADBE Vector Shape - Group","hd":false},{"ind":2,"ty":"sh","ix":3,"ks":{"a":0,"k":{"i":[[0,0],[0,0]],"o":[[0,0],[0,0]],"v":[[-25.721,-13.606],[-22.055,15.5]],"c":false},"ix":2},"nm":"Path 3","mn":"ADBE Vector Shape - Group","hd":false},{"ind":3,"ty":"sh","ix":4,"ks":{"a":1,"k":[{"i":{"x":0.833,"y":1},"o":{"x":0.167,"y":0},"t":38,"s":[{"i":[[0,0],[0,0],[0.524,-5.019],[0,0],[4.096,0],[0,0]],"o":[[0,0],[5.025,-0.467],[0,0],[-0.426,4.074],[0,0],[0,0]],"v":[[-25.721,-13.606],[29.034,-18.703],[37.732,-9.906],[35.829,8.331],[27.872,15.5],[-22.055,15.5]],"c":false}]},{"i":{"x":0.833,"y":1},"o":{"x":0.167,"y":0},"t":51,"s":[{"i":[[0,0],[0,0],[0.524,-5.019],[0,0],[4.096,0],[0,0]],"o":[[0,0],[5.025,-0.467],[0,0],[-0.426,4.074],[0,0],[0,0]],"v":[[-25.721,-13.606],[29.927,-14.548],[38.625,-5.751],[36.722,12.486],[28.765,19.655],[-22.055,15.5]],"c":false}]},{"t":65,"s":[{"i":[[0,0],[0,0],[0.524,-5.019],[0,0],[4.096,0],[0,0]],"o":[[0,0],[5.025,-0.467],[0,0],[-0.426,4.074],[0,0],[0,0]],"v":[[-25.721,-13.606],[29.034,-18.703],[37.732,-9.906],[35.829,8.331],[27.872,15.5],[-22.055,15.5]],"c":false}]}],"ix":2},"nm":"Path 4","mn":"ADBE Vector Shape - Group","hd":false},{"ty":"mm","mm":1,"nm":"Merge Paths 1","mn":"ADBE Vector Filter - Merge","hd":false},{"ty":"tr","p":{"a":0,"k":[64.256,56.5],"ix":2},"a":{"a":0,"k":[0,0],"ix":1},"s":{"a":0,"k":[100,100],"ix":3},"r":{"a":0,"k":0,"ix":6},"o":{"a":0,"k":100,"ix":7},"sk":{"a":0,"k":0,"ix":4},"sa":{"a":0,"k":0,"ix":5},"nm":"Transform"}],"nm":"Group 1","np":6,"cix":2,"bm":0,"ix":1,"mn":"ADBE Vector Group","hd":false},{"ty":"fl","c":{"a":0,"k":[0,0,0,1],"ix":4},"o":{"a":0,"k":100,"ix":5},"r":1,"bm":0,"nm":"Fill 1","mn":"ADBE Vector Graphic - Fill","hd":false}],"ip":0,"op":241,"st":0,"bm":0},{"ddd":0,"ind":3,"ty":4,"nm":"Shape Layer 1","tt":2,"sr":1,"ks":{"o":{"a":0,"k":100,"ix":11},"r":{"a":0,"k":0,"ix":10},"p":{"a":1,"k":[{"i":{"x":0.3,"y":1},"o":{"x":0.7,"y":0},"t":36,"s":[66.5,-21.5,0],"to":[0,14,0],"ti":[0,-14,0]},{"t":45,"s":[66.5,62.5,0]}],"ix":2},"a":{"a":0,"k":[-5.5,-20.5,0],"ix":1},"s":{"a":0,"k":[100,100,100],"ix":6}},"ao":0,"shapes":[{"ty":"gr","it":[{"ty":"rc","d":1,"s":{"a":0,"k":[26,34],"ix":2},"p":{"a":0,"k":[0,0],"ix":3},"r":{"a":0,"k":8,"ix":4},"nm":"Rectangle Path 1","mn":"ADBE Vector Shape - Rect","hd":false},{"ty":"fl","c":{"a":0,"k":[0,0,0,1],"ix":4},"o":{"a":0,"k":100,"ix":5},"r":1,"bm":0,"nm":"Fill 1","mn":"ADBE Vector Graphic - Fill","hd":false},{"ty":"tr","p":{"a":0,"k":[-5.5,-20.5],"ix":2},"a":{"a":0,"k":[0,0],"ix":1},"s":{"a":0,"k":[100,100],"ix":3},"r":{"a":0,"k":0,"ix":6},"o":{"a":0,"k":100,"ix":7},"sk":{"a":0,"k":0,"ix":4},"sa":{"a":0,"k":0,"ix":5},"nm":"Transform"}],"nm":"Rectangle 1","np":3,"cix":2,"bm":0,"ix":1,"mn":"ADBE Vector Group","hd":false}],"ip":-2,"op":46,"st":-2,"bm":0},{"ddd":0,"ind":4,"ty":4,"nm":"circle Outlines 2","parent":1,"sr":1,"ks":{"o":{"a":0,"k":100,"ix":11},"r":{"a":0,"k":0,"ix":10},"p":{"a":0,"k":[-14,34,0],"ix":2},"a":{"a":0,"k":[50,98,0],"ix":1},"s":{"a":0,"k":[100,100,100],"ix":6}},"ao":0,"shapes":[{"ty":"gr","it":[{"ind":0,"ty":"sh","ix":1,"ks":{"a":0,"k":{"i":[[-2.393,0],[0,-2.393],[2.393,0],[0,2.393]],"o":[[2.393,0],[0,2.393],[-2.393,0],[0,-2.393]],"v":[[0,-4.332],[4.332,0],[0,4.332],[-4.332,0]],"c":true},"ix":2},"nm":"Path 1","mn":"ADBE Vector Shape - Group","hd":false},{"ty":"fl","c":{"a":0,"k":[0,0,0,1],"ix":4},"o":{"a":0,"k":100,"ix":5},"r":1,"bm":0,"nm":"Fill 1","mn":"ADBE Vector Graphic - Fill","hd":false},{"ty":"tr","p":{"a":0,"k":[50,98],"ix":2},"a":{"a":0,"k":[0,0],"ix":1},"s":{"a":0,"k":[100,100],"ix":3},"r":{"a":0,"k":0,"ix":6},"o":{"a":0,"k":100,"ix":7},"sk":{"a":0,"k":0,"ix":4},"sa":{"a":0,"k":0,"ix":5},"nm":"Transform"}],"nm":"Group 1","np":2,"cix":2,"bm":0,"ix":1,"mn":"ADBE Vector Group","hd":false}],"ip":0,"op":241,"st":0,"bm":0},{"ddd":0,"ind":5,"ty":4,"nm":"circle Outlines","parent":1,"sr":1,"ks":{"o":{"a":0,"k":100,"ix":11},"r":{"a":0,"k":0,"ix":10},"p":{"a":1,"k":[{"i":{"x":0.4,"y":1},"o":{"x":0.6,"y":0},"t":11,"s":[22,34,0],"to":[0,-2.167,0],"ti":[0,0,0]},{"i":{"x":0.4,"y":1},"o":{"x":0.6,"y":0},"t":25,"s":[22,21,0],"to":[0,0,0],"ti":[0,-2.167,0]},{"t":31,"s":[22,34,0]}],"ix":2},"a":{"a":0,"k":[86,98,0],"ix":1},"s":{"a":0,"k":[100,100,100],"ix":6}},"ao":0,"shapes":[{"ty":"gr","it":[{"ind":0,"ty":"sh","ix":1,"ks":{"a":1,"k":[{"i":{"x":0.4,"y":1},"o":{"x":0.6,"y":0},"t":31,"s":[{"i":[[-2.393,0],[0,-2.393],[2.393,0],[0,2.393]],"o":[[2.393,0],[0,2.393],[-2.393,0],[0,-2.393]],"v":[[0,-4.332],[4.332,0],[0,4.332],[-4.332,0]],"c":true}]},{"i":{"x":0.4,"y":1},"o":{"x":0.6,"y":0},"t":38,"s":[{"i":[[-2.393,0],[0,-1.438],[2.393,0],[0,1.438]],"o":[[2.393,0],[0,1.438],[-2.393,0],[0,-1.438]],"v":[[0,-0.875],[4.332,1.729],[0,4.332],[-4.332,1.729]],"c":true}]},{"i":{"x":0.4,"y":1},"o":{"x":0.6,"y":0},"t":47,"s":[{"i":[[-2.393,0],[0,-2.393],[2.393,0],[0,2.393]],"o":[[2.393,0],[0,2.393],[-2.393,0],[0,-2.393]],"v":[[0,-4.332],[4.332,0],[0,4.332],[-4.332,0]],"c":true}]},{"i":{"x":0.4,"y":1},"o":{"x":0.6,"y":0},"t":55,"s":[{"i":[[-2.393,0],[0,-1.438],[2.393,0],[0,1.438]],"o":[[2.393,0],[0,1.438],[-2.393,0],[0,-1.438]],"v":[[0,-0.875],[4.332,1.729],[0,4.332],[-4.332,1.729]],"c":true}]},{"t":64,"s":[{"i":[[-2.393,0],[0,-2.393],[2.393,0],[0,2.393]],"o":[[2.393,0],[0,2.393],[-2.393,0],[0,-2.393]],"v":[[0,-4.332],[4.332,0],[0,4.332],[-4.332,0]],"c":true}]}],"ix":2},"nm":"Path 1","mn":"ADBE Vector Shape - Group","hd":false},{"ty":"fl","c":{"a":0,"k":[0,0,0,1],"ix":4},"o":{"a":0,"k":100,"ix":5},"r":1,"bm":0,"nm":"Fill 1","mn":"ADBE Vector Graphic - Fill","hd":false},{"ty":"tr","p":{"a":0,"k":[86,98],"ix":2},"a":{"a":0,"k":[0,0],"ix":1},"s":{"a":0,"k":[100,100],"ix":3},"r":{"a":0,"k":0,"ix":6},"o":{"a":0,"k":100,"ix":7},"sk":{"a":0,"k":0,"ix":4},"sa":{"a":0,"k":0,"ix":5},"nm":"Transform"}],"nm":"Group 1","np":2,"cix":2,"bm":0,"ix":1,"mn":"ADBE Vector Group","hd":false}],"ip":0,"op":241,"st":0,"bm":0},{"ddd":0,"ind":6,"ty":4,"nm":"cart Outlines","parent":1,"sr":1,"ks":{"o":{"a":0,"k":100,"ix":11},"r":{"a":1,"k":[{"i":{"x":[0.3],"y":[1]},"o":{"x":[0.7],"y":[0]},"t":11,"s":[0]},{"i":{"x":[0.3],"y":[1]},"o":{"x":[0.7],"y":[0]},"t":25,"s":[-15]},{"i":{"x":[0.3],"y":[1]},"o":{"x":[0.7],"y":[0]},"t":38,"s":[-15]},{"i":{"x":[0.3],"y":[1]},"o":{"x":[0.7],"y":[0]},"t":54,"s":[13]},{"t":67,"s":[0]}],"ix":10},"p":{"a":0,"k":[-17.5,21.25,0],"ix":2},"a":{"a":0,"k":[46.5,85.25,0],"ix":1},"s":{"a":0,"k":[100,100,100],"ix":6}},"ao":0,"shapes":[{"ty":"gr","it":[{"ind":0,"ty":"sh","ix":1,"ks":{"a":0,"k":{"i":[[0,0],[0,0],[-3.881,0],[0,0]],"o":[[0,0],[0.676,3.821],[0,0],[0,0]],"v":[[-22.055,15.5],[-20.924,21.894],[-13.047,28.5],[26.245,28.5]],"c":false},"ix":2},"nm":"Path 1","mn":"ADBE Vector Shape - Group","hd":false},{"ind":1,"ty":"sh","ix":2,"ks":{"a":0,"k":{"i":[[0,0],[0,0],[4.04,0],[0,0]],"o":[[0,0],[-0.493,-4.01],[0,0],[0,0]],"v":[[-25.721,-13.606],[-26.689,-21.477],[-34.629,-28.5],[-38.256,-28.5]],"c":false},"ix":2},"nm":"Path 2","mn":"ADBE Vector Shape - Group","hd":false},{"ind":2,"ty":"sh","ix":3,"ks":{"a":0,"k":{"i":[[0,0],[0,0]],"o":[[0,0],[0,0]],"v":[[-25.721,-13.606],[-22.055,15.5]],"c":false},"ix":2},"nm":"Path 3","mn":"ADBE Vector Shape - Group","hd":false},{"ind":3,"ty":"sh","ix":4,"ks":{"a":1,"k":[{"i":{"x":0.833,"y":1},"o":{"x":0.167,"y":0},"t":38,"s":[{"i":[[0,0],[0,0],[0.524,-5.019],[0,0],[4.096,0],[0,0]],"o":[[0,0],[5.025,-0.467],[0,0],[-0.426,4.074],[0,0],[0,0]],"v":[[-25.721,-13.606],[29.034,-18.703],[37.732,-9.906],[35.829,8.331],[27.872,15.5],[-22.055,15.5]],"c":false}]},{"i":{"x":0.833,"y":1},"o":{"x":0.167,"y":0},"t":51,"s":[{"i":[[0,0],[0,0],[0.524,-5.019],[0,0],[4.096,0],[0,0]],"o":[[0,0],[5.025,-0.467],[0,0],[-0.426,4.074],[0,0],[0,0]],"v":[[-25.721,-13.606],[29.927,-14.548],[38.625,-5.751],[36.722,12.486],[28.765,19.655],[-22.055,15.5]],"c":false}]},{"t":65,"s":[{"i":[[0,0],[0,0],[0.524,-5.019],[0,0],[4.096,0],[0,0]],"o":[[0,0],[5.025,-0.467],[0,0],[-0.426,4.074],[0,0],[0,0]],"v":[[-25.721,-13.606],[29.034,-18.703],[37.732,-9.906],[35.829,8.331],[27.872,15.5],[-22.055,15.5]],"c":false}]}],"ix":2},"nm":"Path 4","mn":"ADBE Vector Shape - Group","hd":false},{"ty":"mm","mm":1,"nm":"Merge Paths 1","mn":"ADBE Vector Filter - Merge","hd":false},{"ty":"st","c":{"a":0,"k":[0,0,0,1],"ix":3},"o":{"a":0,"k":100,"ix":4},"w":{"a":0,"k":5,"ix":5},"lc":2,"lj":1,"ml":4,"bm":0,"nm":"Stroke 1","mn":"ADBE Vector Graphic - Stroke","hd":false},{"ty":"tr","p":{"a":0,"k":[64.256,56.5],"ix":2},"a":{"a":0,"k":[0,0],"ix":1},"s":{"a":0,"k":[100,100],"ix":3},"r":{"a":0,"k":0,"ix":6},"o":{"a":0,"k":100,"ix":7},"sk":{"a":0,"k":0,"ix":4},"sa":{"a":0,"k":0,"ix":5},"nm":"Transform"}],"nm":"Group 1","np":6,"cix":2,"bm":0,"ix":1,"mn":"ADBE Vector Group","hd":false}],"ip":0,"op":241,"st":0,"bm":0}],"markers":[]}