{"v":"5.5.7","meta":{"g":"LottieFiles AE 0.1.21","a":"","k":"","d":"","tc":""},"fr":29.9700012207031,"ip":0,"op":55.0000022401959,"w":500,"h":500,"nm":"M5","ddd":0,"assets":[],"layers":[{"ddd":0,"ind":1,"ty":4,"nm":"Just a handle","sr":1,"ks":{"o":{"a":0,"k":100,"ix":11},"r":{"a":0,"k":0,"ix":10},"p":{"a":0,"k":[250,250,0],"ix":2},"a":{"a":0,"k":[12.5,0.5,0],"ix":1},"s":{"a":0,"k":[100,100,100],"ix":6}},"ao":0,"shapes":[{"ty":"gr","it":[{"ty":"rc","d":1,"s":{"a":0,"k":[67,81],"ix":2},"p":{"a":0,"k":[0,0],"ix":3},"r":{"a":0,"k":0,"ix":4},"nm":"Rectangle Path 1","mn":"ADBE Vector Shape - Rect","hd":false},{"ty":"fl","c":{"a":0,"k":[0.849150294884,0.877693206189,0.909803921569,1],"ix":4},"o":{"a":0,"k":0,"ix":5},"r":1,"bm":0,"nm":"Fill 1","mn":"ADBE Vector Graphic - Fill","hd":false},{"ty":"tr","p":{"a":0,"k":[12.5,0.5],"ix":2},"a":{"a":0,"k":[0,0],"ix":1},"s":{"a":0,"k":[100,100],"ix":3},"r":{"a":0,"k":0,"ix":6},"o":{"a":0,"k":100,"ix":7},"sk":{"a":0,"k":0,"ix":4},"sa":{"a":0,"k":0,"ix":5},"nm":"Transform"}],"nm":"Rectangle 1","np":3,"cix":2,"bm":0,"ix":1,"mn":"ADBE Vector Group","hd":false}],"ip":0,"op":150.000006109625,"st":0,"bm":0},{"ddd":0,"ind":2,"ty":4,"nm":"Bottom","sr":1,"ks":{"o":{"a":0,"k":100,"ix":11},"r":{"a":1,"k":[{"i":{"x":[0.25],"y":[1]},"o":{"x":[0.33],"y":[0]},"t":0,"s":[0]},{"t":25.0000010182709,"s":[0]}],"ix":10},"p":{"a":1,"k":[{"i":{"x":0.25,"y":1},"o":{"x":0.33,"y":0},"t":0,"s":[123.184,334.5,0],"to":[0,0,0],"ti":[0,0,0]},{"t":25.0000010182709,"s":[123.184,334.5,0]}],"ix":2},"a":{"a":0,"k":[-125,-64.5,0],"ix":1},"s":{"a":0,"k":[98.689,100,100],"ix":6}},"ao":0,"shapes":[{"ty":"gr","it":[{"ind":0,"ty":"sh","ix":1,"ks":{"a":1,"k":[{"i":{"x":0.25,"y":1},"o":{"x":0.33,"y":0},"t":0,"s":[{"i":[[0,0],[-25.332,0.5],[0,0]],"o":[[0,0],[25.332,-0.5],[0,0]],"v":[[-123,-19.5],[128.107,-19.5],[-87.909,-192.5]],"c":false}]},{"i":{"x":0.25,"y":1},"o":{"x":0.33,"y":0},"t":15,"s":[{"i":[[0,0],[-24.939,-4.475],[0,0]],"o":[[0,0],[5.573,1],[0,0]],"v":[[-123,-19.5],[124.561,12],[-87.909,-192.5]],"c":false}]},{"i":{"x":0.67,"y":1},"o":{"x":0.75,"y":0},"t":25,"s":[{"i":[[0,0],[-24.939,-4.475],[0,0]],"o":[[0,0],[5.573,1],[0,0]],"v":[[-123,-19.5],[124.561,12],[-87.909,-192.5]],"c":false}]},{"t":40.0000016292334,"s":[{"i":[[0,0],[-25.332,0.5],[0,0]],"o":[[0,0],[25.332,-0.5],[0,0]],"v":[[-123,-19.5],[128.107,-19.5],[-87.909,-192.5]],"c":false}]}],"ix":2},"nm":"Path 1","mn":"ADBE Vector Shape - Group","hd":false},{"ty":"st","c":{"a":0,"k":[0.192156877705,0.223529426724,0.290196078431,1],"ix":3},"o":{"a":0,"k":100,"ix":4},"w":{"a":0,"k":39,"ix":5},"lc":2,"lj":1,"ml":4,"bm":0,"nm":"Stroke 1","mn":"ADBE Vector Graphic - Stroke","hd":false},{"ty":"tr","p":{"a":0,"k":[-1.5,-65.5],"ix":2},"a":{"a":0,"k":[0.5,-20.5],"ix":1},"s":{"a":0,"k":[100,100],"ix":3},"r":{"a":0,"k":0,"ix":6},"o":{"a":0,"k":100,"ix":7},"sk":{"a":0,"k":0,"ix":4},"sa":{"a":0,"k":0,"ix":5},"nm":"Transform"}],"nm":"Shape 1","np":3,"cix":2,"bm":0,"ix":1,"mn":"ADBE Vector Group","hd":false},{"ty":"tm","s":{"a":0,"k":0,"ix":1},"e":{"a":1,"k":[{"i":{"x":[0.25],"y":[1]},"o":{"x":[0.33],"y":[0]},"t":0,"s":[47]},{"t":25.0000010182709,"s":[47]}],"ix":2},"o":{"a":1,"k":[{"i":{"x":[0.25],"y":[1]},"o":{"x":[0.33],"y":[0]},"t":0,"s":[0]},{"i":{"x":[0.25],"y":[1]},"o":{"x":[0.33],"y":[0]},"t":15,"s":[189]},{"i":{"x":[0.67],"y":[1]},"o":{"x":[0.75],"y":[0]},"t":25,"s":[189]},{"t":40.0000016292334,"s":[0]}],"ix":3},"m":1,"ix":2,"nm":"Trim Paths 1","mn":"ADBE Vector Filter - Trim","hd":false}],"ip":0,"op":150.000006109625,"st":0,"bm":0},{"ddd":0,"ind":3,"ty":4,"nm":"Middle","sr":1,"ks":{"o":{"a":0,"k":100,"ix":11},"r":{"a":0,"k":0,"ix":10},"p":{"a":1,"k":[{"i":{"x":0.25,"y":1},"o":{"x":0.33,"y":0},"t":0,"s":[250,249.5,0],"to":[0,0,0],"ti":[0,0,0]},{"t":25.0000010182709,"s":[250,249.5,0]}],"ix":2},"a":{"a":0,"k":[3.5,-64.5,0],"ix":1},"s":{"a":0,"k":[98.689,100,100],"ix":6}},"ao":0,"shapes":[{"ty":"gr","it":[{"ind":0,"ty":"sh","ix":1,"ks":{"a":0,"k":{"i":[[0,0],[0,0]],"o":[[0,0],[0,0]],"v":[[-123,-19.5],[134,-19.5]],"c":false},"ix":2},"nm":"Path 1","mn":"ADBE Vector Shape - Group","hd":false},{"ty":"st","c":{"a":0,"k":[0.192156877705,0.223529426724,0.290196078431,1],"ix":3},"o":{"a":0,"k":100,"ix":4},"w":{"a":0,"k":39,"ix":5},"lc":2,"lj":1,"ml":4,"bm":0,"nm":"Stroke 1","mn":"ADBE Vector Graphic - Stroke","hd":false},{"ty":"tr","p":{"a":0,"k":[-1.5,-65.5],"ix":2},"a":{"a":0,"k":[0.5,-20.5],"ix":1},"s":{"a":0,"k":[100,100],"ix":3},"r":{"a":0,"k":0,"ix":6},"o":{"a":0,"k":100,"ix":7},"sk":{"a":0,"k":0,"ix":4},"sa":{"a":0,"k":0,"ix":5},"nm":"Transform"}],"nm":"Shape 1","np":3,"cix":2,"bm":0,"ix":1,"mn":"ADBE Vector Group","hd":false},{"ty":"gr","it":[{"ty":"tr","p":{"a":0,"k":[0,0],"ix":2},"a":{"a":0,"k":[0,0],"ix":1},"s":{"a":0,"k":[100,100],"ix":3},"r":{"a":0,"k":0,"ix":6},"o":{"a":0,"k":100,"ix":7},"sk":{"a":0,"k":0,"ix":4},"sa":{"a":0,"k":0,"ix":5},"nm":"Transform"}],"nm":"Group 1","np":0,"cix":2,"bm":0,"ix":2,"mn":"ADBE Vector Group","hd":false},{"ty":"tm","s":{"a":1,"k":[{"i":{"x":[0.25],"y":[1]},"o":{"x":[0.33],"y":[0]},"t":0,"s":[0]},{"i":{"x":[0.25],"y":[1]},"o":{"x":[0.33],"y":[0]},"t":15,"s":[50]},{"i":{"x":[0.67],"y":[1]},"o":{"x":[0.75],"y":[0]},"t":25,"s":[50]},{"t":40.0000016292334,"s":[0]}],"ix":1},"e":{"a":1,"k":[{"i":{"x":[0.672],"y":[0.717]},"o":{"x":[0.482],"y":[0]},"t":0,"s":[100]},{"i":{"x":[0.422],"y":[1]},"o":{"x":[0.173],"y":[1.83]},"t":5,"s":[57.008]},{"i":{"x":[0.25],"y":[1]},"o":{"x":[0.33],"y":[0]},"t":15,"s":[50]},{"i":{"x":[0.81],"y":[-0.114]},"o":{"x":[0.529],"y":[0]},"t":25,"s":[50]},{"i":{"x":[0.524],"y":[1]},"o":{"x":[0.389],"y":[0.346]},"t":34,"s":[59.264]},{"t":40.0000016292334,"s":[100]}],"ix":2},"o":{"a":0,"k":0,"ix":3},"m":1,"ix":3,"nm":"Trim Paths 1","mn":"ADBE Vector Filter - Trim","hd":false}],"ip":0,"op":150.000006109625,"st":0,"bm":0},{"ddd":0,"ind":4,"ty":4,"nm":"Top","sr":1,"ks":{"o":{"a":0,"k":100,"ix":11},"r":{"a":1,"k":[{"i":{"x":[0.25],"y":[1]},"o":{"x":[0.33],"y":[0]},"t":0,"s":[0]},{"t":25.0000010182709,"s":[0]}],"ix":10},"p":{"a":1,"k":[{"i":{"x":0.25,"y":1},"o":{"x":0.33,"y":0},"t":0,"s":[123.184,165.5,0],"to":[0,0,0],"ti":[0,0,0]},{"t":25.0000010182709,"s":[123.184,165.5,0]}],"ix":2},"a":{"a":0,"k":[-125,-64.5,0],"ix":1},"s":{"a":0,"k":[98.689,100,100],"ix":6}},"ao":0,"shapes":[{"ty":"gr","it":[{"ind":0,"ty":"sh","ix":1,"ks":{"a":1,"k":[{"i":{"x":0.25,"y":1},"o":{"x":0.33,"y":0},"t":0,"s":[{"i":[[0,0],[-52.924,-0.184],[0,0]],"o":[[0,0],[12.433,0.043],[0,0]],"v":[[-123,-19.5],[140.499,-21.043],[-81.829,156.5]],"c":false}]},{"i":{"x":0.25,"y":1},"o":{"x":0.33,"y":0},"t":15,"s":[{"i":[[0,0],[-52.923,-0.184],[0,0]],"o":[[0,0],[12.433,0.043],[0,0]],"v":[[-123,-19.5],[121.753,-58.043],[-81.829,156.5]],"c":false}]},{"i":{"x":0.67,"y":1},"o":{"x":0.75,"y":0},"t":25,"s":[{"i":[[0,0],[-52.923,-0.184],[0,0]],"o":[[0,0],[12.433,0.043],[0,0]],"v":[[-123,-19.5],[121.753,-58.043],[-81.829,156.5]],"c":false}]},{"t":40.0000016292334,"s":[{"i":[[0,0],[-52.924,-0.184],[0,0]],"o":[[0,0],[12.433,0.043],[0,0]],"v":[[-123,-19.5],[140.499,-21.043],[-81.829,156.5]],"c":false}]}],"ix":2},"nm":"Path 1","mn":"ADBE Vector Shape - Group","hd":false},{"ty":"st","c":{"a":0,"k":[0.192156877705,0.223529426724,0.290196078431,1],"ix":3},"o":{"a":0,"k":100,"ix":4},"w":{"a":0,"k":39,"ix":5},"lc":2,"lj":1,"ml":4,"bm":0,"nm":"Stroke 1","mn":"ADBE Vector Graphic - Stroke","hd":false},{"ty":"tr","p":{"a":0,"k":[-1.5,-65.5],"ix":2},"a":{"a":0,"k":[0.5,-20.5],"ix":1},"s":{"a":0,"k":[100,100],"ix":3},"r":{"a":0,"k":0,"ix":6},"o":{"a":0,"k":100,"ix":7},"sk":{"a":0,"k":0,"ix":4},"sa":{"a":0,"k":0,"ix":5},"nm":"Transform"}],"nm":"Shape 1","np":3,"cix":2,"bm":0,"ix":1,"mn":"ADBE Vector Group","hd":false},{"ty":"gr","it":[{"ty":"tr","p":{"a":0,"k":[0,0],"ix":2},"a":{"a":0,"k":[0,0],"ix":1},"s":{"a":0,"k":[100,100],"ix":3},"r":{"a":0,"k":0,"ix":6},"o":{"a":0,"k":100,"ix":7},"sk":{"a":0,"k":0,"ix":4},"sa":{"a":0,"k":0,"ix":5},"nm":"Transform"}],"nm":"Group 1","np":0,"cix":2,"bm":0,"ix":2,"mn":"ADBE Vector Group","hd":false},{"ty":"tm","s":{"a":0,"k":0,"ix":1},"e":{"a":0,"k":46,"ix":2},"o":{"a":1,"k":[{"i":{"x":[0.25],"y":[1]},"o":{"x":[0.33],"y":[0]},"t":0,"s":[0]},{"i":{"x":[0.25],"y":[1]},"o":{"x":[0.33],"y":[0]},"t":15,"s":[194]},{"i":{"x":[0.67],"y":[1]},"o":{"x":[0.75],"y":[0]},"t":25,"s":[194]},{"t":40.0000016292334,"s":[0]}],"ix":3},"m":2,"ix":3,"nm":"Trim Paths 1","mn":"ADBE Vector Filter - Trim","hd":false}],"ip":0,"op":150.000006109625,"st":0,"bm":0}],"markers":[]}