{"v":"5.12.2","fr":30,"ip":0,"op":62,"w":128,"h":128,"nm":"Settings_lottie","ddd":0,"assets":[],"layers":[{"ddd":0,"ind":1,"ty":3,"nm":"Null 2","sr":1,"ks":{"o":{"a":0,"k":0,"ix":11},"r":{"a":1,"k":[{"i":{"x":[0.19],"y":[1]},"o":{"x":[0.81],"y":[0]},"t":5,"s":[0]},{"i":{"x":[0.19],"y":[1]},"o":{"x":[0.81],"y":[0]},"t":26.955,"s":[-15]},{"i":{"x":[0.19],"y":[1]},"o":{"x":[0.81],"y":[0]},"t":35.045,"s":[-15]},{"t":57,"s":[0]}],"ix":10},"p":{"a":1,"k":[{"i":{"x":0.19,"y":1},"o":{"x":0.81,"y":0},"t":5,"s":[64,64,0],"to":[0.5,0,0],"ti":[-0.5,0,0]},{"i":{"x":0.19,"y":0.19},"o":{"x":0.81,"y":0.81},"t":26.955,"s":[67,64,0],"to":[0,0,0],"ti":[0,0,0]},{"i":{"x":0.19,"y":1},"o":{"x":0.81,"y":0},"t":35.045,"s":[67,64,0],"to":[-0.5,0,0],"ti":[0.5,0,0]},{"t":57,"s":[64,64,0]}],"ix":2,"l":2},"a":{"a":0,"k":[0,0,0],"ix":1,"l":2},"s":{"a":1,"k":[{"i":{"x":[0.19,0.19,0.19],"y":[1,1,1]},"o":{"x":[0.81,0.81,0.81],"y":[0,0,0]},"t":5,"s":[100,100,100]},{"i":{"x":[0.19,0.19,0.19],"y":[1,1,1]},"o":{"x":[0.81,0.81,0.81],"y":[0,0,0]},"t":26.955,"s":[80,80,100]},{"i":{"x":[0.19,0.19,0.19],"y":[1,1,1]},"o":{"x":[0.81,0.81,0.81],"y":[0,0,0]},"t":35.045,"s":[80,80,100]},{"t":57,"s":[100,100,100]}],"ix":6,"l":2}},"ao":0,"ip":0,"op":241,"st":0,"bm":0},{"ddd":0,"ind":2,"ty":4,"nm":"Layer 1 Outlines","parent":1,"sr":1,"ks":{"o":{"a":0,"k":100,"ix":11},"r":{"a":0,"k":0,"ix":10},"p":{"a":0,"k":[0,0,0],"ix":2,"l":2},"a":{"a":0,"k":[8.25,8.25,0],"ix":1,"l":2},"s":{"a":1,"k":[{"i":{"x":[0.19,0.19,0.19],"y":[1,1,1]},"o":{"x":[0.81,0.81,0.81],"y":[0,0,0]},"t":8,"s":[100,100,100]},{"i":{"x":[0.19,0.19,0.19],"y":[1,1,1]},"o":{"x":[0.81,0.81,0.81],"y":[0,0,0]},"t":27,"s":[70,70,100]},{"i":{"x":[0.19,0.19,0.19],"y":[1,1,1]},"o":{"x":[0.81,0.81,0.81],"y":[0,0,0]},"t":34,"s":[70,70,100]},{"t":53,"s":[100,100,100]}],"ix":6,"l":2}},"ao":0,"shapes":[{"ty":"gr","it":[{"ind":0,"ty":"sh","ix":1,"ks":{"a":1,"k":[{"i":{"x":0.19,"y":1},"o":{"x":0.81,"y":0},"t":8,"s":[{"i":[[-4.418,0],[0,-4.418],[4.418,0],[0,4.418]],"o":[[4.418,0],[0,4.418],[-4.418,0],[0,-4.418]],"v":[[0,-8],[8,0],[0,8],[-8,0]],"c":true}]},{"i":{"x":0.19,"y":1},"o":{"x":0.81,"y":0},"t":27,"s":[{"i":[[-3.392,0],[0,-4.418],[3.392,0],[0,4.418]],"o":[[3.392,0],[0,4.418],[-3.392,0],[0,-4.418]],"v":[[16.5,-8],[22.643,0],[16.5,8],[10.357,0]],"c":true}]},{"i":{"x":0.19,"y":1},"o":{"x":0.81,"y":0},"t":34,"s":[{"i":[[-3.392,0],[0,-4.418],[3.392,0],[0,4.418]],"o":[[3.392,0],[0,4.418],[-3.392,0],[0,-4.418]],"v":[[16.5,-8],[22.643,0],[16.5,8],[10.357,0]],"c":true}]},{"t":53,"s":[{"i":[[-4.418,0],[0,-4.418],[4.418,0],[0,4.418]],"o":[[4.418,0],[0,4.418],[-4.418,0],[0,-4.418]],"v":[[0,-8],[8,0],[0,8],[-8,0]],"c":true}]}],"ix":2},"nm":"Path 1","mn":"ADBE Vector Shape - Group","hd":false},{"ty":"fl","c":{"a":0,"k":[0.121568634931,0.121568634931,0.121568634931,1],"ix":4},"o":{"a":0,"k":100,"ix":5},"r":1,"bm":0,"nm":"Fill 1","mn":"ADBE Vector Graphic - Fill","hd":false},{"ty":"tr","p":{"a":0,"k":[8.25,8.25],"ix":2},"a":{"a":0,"k":[0,0],"ix":1},"s":{"a":0,"k":[100,100],"ix":3},"r":{"a":0,"k":0,"ix":6},"o":{"a":0,"k":100,"ix":7},"sk":{"a":0,"k":0,"ix":4},"sa":{"a":0,"k":0,"ix":5},"nm":"Transform"}],"nm":"Group 1","np":2,"cix":2,"bm":0,"ix":1,"mn":"ADBE Vector Group","hd":false}],"ip":0,"op":241,"st":0,"ct":1,"bm":0},{"ddd":0,"ind":3,"ty":4,"nm":"Shape Layer 8","parent":1,"sr":1,"ks":{"o":{"a":0,"k":100,"ix":11},"r":{"a":0,"k":0,"ix":10},"p":{"a":0,"k":[-25.625,36.75,0],"ix":2,"l":2},"a":{"a":0,"k":[-8.375,46.75,0],"ix":1,"l":2},"s":{"a":0,"k":[100,100,100],"ix":6,"l":2}},"ao":0,"shapes":[{"ty":"gr","it":[{"ind":0,"ty":"sh","ix":1,"ks":{"a":1,"k":[{"i":{"x":0.19,"y":1},"o":{"x":0.81,"y":0},"t":8,"s":[{"i":[[0,0],[0,0]],"o":[[0,0],[0,0]],"v":[[1,44],[0.25,44]],"c":false}]},{"i":{"x":0.19,"y":1},"o":{"x":0.81,"y":0},"t":24,"s":[{"i":[[0,0],[0,0]],"o":[[0,0],[0,0]],"v":[[7.5,46.75],[-21.76,46.769]],"c":false}]},{"i":{"x":0.833,"y":0.833},"o":{"x":0.81,"y":0},"t":38,"s":[{"i":[[0,0],[0,0]],"o":[[0,0],[0,0]],"v":[[7.5,46.75],[-24.25,46.75]],"c":false}]},{"i":{"x":0.19,"y":1},"o":{"x":0.167,"y":0.167},"t":44,"s":[{"i":[[0,0],[0,0]],"o":[[0,0],[0,0]],"v":[[6.331,46.255],[-16.878,46.448]],"c":false}]},{"t":53,"s":[{"i":[[0,0],[0,0]],"o":[[0,0],[0,0]],"v":[[-8.75,47.25],[-9.5,47.25]],"c":false}]}],"ix":2},"nm":"Path 1","mn":"ADBE Vector Shape - Group","hd":false},{"ty":"st","c":{"a":0,"k":[0.121568634931,0.121568634931,0.121568634931,1],"ix":3},"o":{"a":0,"k":100,"ix":4},"w":{"a":0,"k":7,"ix":5},"lc":2,"lj":2,"bm":0,"nm":"Stroke 1","mn":"ADBE Vector Graphic - Stroke","hd":false},{"ty":"tr","p":{"a":0,"k":[0,0],"ix":2},"a":{"a":0,"k":[0,0],"ix":1},"s":{"a":0,"k":[100,100],"ix":3},"r":{"a":0,"k":0,"ix":6},"o":{"a":0,"k":100,"ix":7},"sk":{"a":0,"k":0,"ix":4},"sa":{"a":0,"k":0,"ix":5},"nm":"Transform"}],"nm":"Shape 1","np":3,"cix":2,"bm":0,"ix":1,"mn":"ADBE Vector Group","hd":false}],"ip":8,"op":52,"st":0,"ct":1,"bm":0},{"ddd":0,"ind":4,"ty":4,"nm":"Shape Layer 7","parent":1,"sr":1,"ks":{"o":{"a":0,"k":100,"ix":11},"r":{"a":0,"k":0,"ix":10},"p":{"a":0,"k":[-30.625,26,0],"ix":2,"l":2},"a":{"a":0,"k":[-8.375,46.75,0],"ix":1,"l":2},"s":{"a":0,"k":[100,100,100],"ix":6,"l":2}},"ao":0,"shapes":[{"ty":"gr","it":[{"ind":0,"ty":"sh","ix":1,"ks":{"a":1,"k":[{"i":{"x":0.19,"y":1},"o":{"x":0.81,"y":0},"t":8,"s":[{"i":[[0,0],[0,0]],"o":[[0,0],[0,0]],"v":[[-14.5,47],[-15.25,47]],"c":false}]},{"i":{"x":0.19,"y":1},"o":{"x":0.81,"y":0},"t":27,"s":[{"i":[[0,0],[0,0]],"o":[[0,0],[0,0]],"v":[[7.5,46.75],[-24.25,46.75]],"c":false}]},{"i":{"x":0.19,"y":1},"o":{"x":0.81,"y":0},"t":34,"s":[{"i":[[0,0],[0,0]],"o":[[0,0],[0,0]],"v":[[7.5,46.75],[-24.25,46.75]],"c":false}]},{"t":53,"s":[{"i":[[0,0],[0,0]],"o":[[0,0],[0,0]],"v":[[-14.5,47],[-15.25,47]],"c":false}]}],"ix":2},"nm":"Path 1","mn":"ADBE Vector Shape - Group","hd":false},{"ty":"st","c":{"a":0,"k":[0.121568634931,0.121568634931,0.121568634931,1],"ix":3},"o":{"a":0,"k":100,"ix":4},"w":{"a":0,"k":7,"ix":5},"lc":1,"lj":1,"ml":4,"bm":0,"nm":"Stroke 1","mn":"ADBE Vector Graphic - Stroke","hd":false},{"ty":"tr","p":{"a":0,"k":[0,0],"ix":2},"a":{"a":0,"k":[0,0],"ix":1},"s":{"a":0,"k":[100,100],"ix":3},"r":{"a":0,"k":0,"ix":6},"o":{"a":0,"k":100,"ix":7},"sk":{"a":0,"k":0,"ix":4},"sa":{"a":0,"k":0,"ix":5},"nm":"Transform"}],"nm":"Shape 1","np":3,"cix":2,"bm":0,"ix":1,"mn":"ADBE Vector Group","hd":false}],"ip":8,"op":52,"st":0,"ct":1,"bm":0},{"ddd":0,"ind":5,"ty":4,"nm":"Shape Layer 6","parent":1,"sr":1,"ks":{"o":{"a":0,"k":100,"ix":11},"r":{"a":0,"k":0,"ix":10},"p":{"a":0,"k":[-24.625,-36.25,0],"ix":2,"l":2},"a":{"a":0,"k":[-8.375,46.75,0],"ix":1,"l":2},"s":{"a":0,"k":[100,100,100],"ix":6,"l":2}},"ao":0,"shapes":[{"ty":"gr","it":[{"ind":0,"ty":"sh","ix":1,"ks":{"a":1,"k":[{"i":{"x":0.19,"y":1},"o":{"x":0.81,"y":0},"t":8,"s":[{"i":[[0,0],[0,0]],"o":[[0,0],[0,0]],"v":[[-3.25,48.25],[-4,48.25]],"c":false}]},{"i":{"x":0.19,"y":1},"o":{"x":0.81,"y":0},"t":24,"s":[{"i":[[0,0],[0,0]],"o":[[0,0],[0,0]],"v":[[6.566,46.608],[-22.078,46.608]],"c":false}]},{"i":{"x":0.833,"y":0.833},"o":{"x":0.81,"y":0},"t":38,"s":[{"i":[[0,0],[0,0]],"o":[[0,0],[0,0]],"v":[[7.5,46.75],[-24.25,46.75]],"c":false}]},{"i":{"x":0.19,"y":1},"o":{"x":0.167,"y":0.167},"t":44,"s":[{"i":[[0,0],[0,0]],"o":[[0,0],[0,0]],"v":[[-4.146,45.977],[-14.903,46.168]],"c":false}]},{"t":53,"s":[{"i":[[0,0],[0,0]],"o":[[0,0],[0,0]],"v":[[-7.25,45.75],[-8,45.75]],"c":false}]}],"ix":2},"nm":"Path 1","mn":"ADBE Vector Shape - Group","hd":false},{"ty":"st","c":{"a":0,"k":[0.121568634931,0.121568634931,0.121568634931,1],"ix":3},"o":{"a":0,"k":100,"ix":4},"w":{"a":0,"k":7,"ix":5},"lc":2,"lj":2,"bm":0,"nm":"Stroke 1","mn":"ADBE Vector Graphic - Stroke","hd":false},{"ty":"tr","p":{"a":0,"k":[0,0],"ix":2},"a":{"a":0,"k":[0,0],"ix":1},"s":{"a":0,"k":[100,100],"ix":3},"r":{"a":0,"k":0,"ix":6},"o":{"a":0,"k":100,"ix":7},"sk":{"a":0,"k":0,"ix":4},"sa":{"a":0,"k":0,"ix":5},"nm":"Transform"}],"nm":"Shape 1","np":3,"cix":2,"bm":0,"ix":1,"mn":"ADBE Vector Group","hd":false}],"ip":8,"op":52,"st":0,"ct":1,"bm":0},{"ddd":0,"ind":6,"ty":4,"nm":"Shape Layer 5","parent":1,"sr":1,"ks":{"o":{"a":0,"k":100,"ix":11},"r":{"a":0,"k":0,"ix":10},"p":{"a":0,"k":[-29.125,-26,0],"ix":2,"l":2},"a":{"a":0,"k":[-8.375,46.75,0],"ix":1,"l":2},"s":{"a":0,"k":[100,100,100],"ix":6,"l":2}},"ao":0,"shapes":[{"ty":"gr","it":[{"ind":0,"ty":"sh","ix":1,"ks":{"a":1,"k":[{"i":{"x":0.19,"y":1},"o":{"x":0.81,"y":0},"t":8,"s":[{"i":[[0,0],[0,0]],"o":[[0,0],[0,0]],"v":[[-15.75,47],[-16.5,47]],"c":false}]},{"i":{"x":0.19,"y":1},"o":{"x":0.81,"y":0},"t":27,"s":[{"i":[[0,0],[0,0]],"o":[[0,0],[0,0]],"v":[[7.5,46.75],[-24.25,46.75]],"c":false}]},{"i":{"x":0.833,"y":0.833},"o":{"x":0.81,"y":0},"t":34,"s":[{"i":[[0,0],[0,0]],"o":[[0,0],[0,0]],"v":[[7.5,46.75],[-24.25,46.75]],"c":false}]},{"i":{"x":0.19,"y":1},"o":{"x":0.167,"y":0.167},"t":44,"s":[{"i":[[0,0],[0,0]],"o":[[0,0],[0,0]],"v":[[-7.093,46.907],[-21.003,46.802]],"c":false}]},{"t":53,"s":[{"i":[[0,0],[0,0]],"o":[[0,0],[0,0]],"v":[[-15.75,47],[-16.5,47]],"c":false}]}],"ix":2},"nm":"Path 1","mn":"ADBE Vector Shape - Group","hd":false},{"ty":"st","c":{"a":0,"k":[0.121568634931,0.121568634931,0.121568634931,1],"ix":3},"o":{"a":0,"k":100,"ix":4},"w":{"a":0,"k":7,"ix":5},"lc":1,"lj":1,"ml":4,"bm":0,"nm":"Stroke 1","mn":"ADBE Vector Graphic - Stroke","hd":false},{"ty":"tr","p":{"a":0,"k":[0,0],"ix":2},"a":{"a":0,"k":[0,0],"ix":1},"s":{"a":0,"k":[100,100],"ix":3},"r":{"a":0,"k":0,"ix":6},"o":{"a":0,"k":100,"ix":7},"sk":{"a":0,"k":0,"ix":4},"sa":{"a":0,"k":0,"ix":5},"nm":"Transform"}],"nm":"Shape 1","np":3,"cix":2,"bm":0,"ix":1,"mn":"ADBE Vector Group","hd":false}],"ip":8,"op":52,"st":0,"ct":1,"bm":0},{"ddd":0,"ind":7,"ty":4,"nm":"Shape Layer 4","parent":1,"sr":1,"ks":{"o":{"a":0,"k":100,"ix":11},"r":{"a":0,"k":0,"ix":10},"p":{"a":0,"k":[-31.375,-11,0],"ix":2,"l":2},"a":{"a":0,"k":[-8.375,46.75,0],"ix":1,"l":2},"s":{"a":0,"k":[100,100,100],"ix":6,"l":2}},"ao":0,"shapes":[{"ty":"gr","it":[{"ind":0,"ty":"sh","ix":1,"ks":{"a":1,"k":[{"i":{"x":0.19,"y":1},"o":{"x":0.81,"y":0},"t":8,"s":[{"i":[[0,0],[0,0]],"o":[[0,0],[0,0]],"v":[[-13.5,47],[-14.25,47]],"c":false}]},{"i":{"x":0.19,"y":1},"o":{"x":0.81,"y":0},"t":27,"s":[{"i":[[0,0],[0,0]],"o":[[0,0],[0,0]],"v":[[7.5,46.75],[-24.25,46.75]],"c":false}]},{"i":{"x":0.19,"y":1},"o":{"x":0.81,"y":0},"t":34,"s":[{"i":[[0,0],[0,0]],"o":[[0,0],[0,0]],"v":[[7.5,46.75],[-24.25,46.75]],"c":false}]},{"t":53,"s":[{"i":[[0,0],[0,0]],"o":[[0,0],[0,0]],"v":[[-13.5,47],[-14.25,47]],"c":false}]}],"ix":2},"nm":"Path 1","mn":"ADBE Vector Shape - Group","hd":false},{"ty":"st","c":{"a":0,"k":[0.121568634931,0.121568634931,0.121568634931,1],"ix":3},"o":{"a":0,"k":100,"ix":4},"w":{"a":0,"k":7,"ix":5},"lc":1,"lj":1,"ml":4,"bm":0,"nm":"Stroke 1","mn":"ADBE Vector Graphic - Stroke","hd":false},{"ty":"tr","p":{"a":0,"k":[0,0],"ix":2},"a":{"a":0,"k":[0,0],"ix":1},"s":{"a":0,"k":[100,100],"ix":3},"r":{"a":0,"k":0,"ix":6},"o":{"a":0,"k":100,"ix":7},"sk":{"a":0,"k":0,"ix":4},"sa":{"a":0,"k":0,"ix":5},"nm":"Transform"}],"nm":"Shape 1","np":3,"cix":2,"bm":0,"ix":1,"mn":"ADBE Vector Group","hd":false}],"ip":8,"op":52,"st":0,"ct":1,"bm":0},{"ddd":0,"ind":8,"ty":4,"nm":"Shape Layer 3","parent":1,"sr":1,"ks":{"o":{"a":0,"k":100,"ix":11},"r":{"a":0,"k":0,"ix":10},"p":{"a":0,"k":[-31.375,10.5,0],"ix":2,"l":2},"a":{"a":0,"k":[-8.375,46.75,0],"ix":1,"l":2},"s":{"a":0,"k":[100,100,100],"ix":6,"l":2}},"ao":0,"shapes":[{"ty":"gr","it":[{"ind":0,"ty":"sh","ix":1,"ks":{"a":1,"k":[{"i":{"x":0.19,"y":1},"o":{"x":0.81,"y":0},"t":8,"s":[{"i":[[0,0],[0,0]],"o":[[0,0],[0,0]],"v":[[-14.75,47],[-15.5,47]],"c":false}]},{"i":{"x":0.19,"y":1},"o":{"x":0.81,"y":0},"t":27,"s":[{"i":[[0,0],[0,0]],"o":[[0,0],[0,0]],"v":[[7.5,46.75],[-24.25,46.75]],"c":false}]},{"i":{"x":0.19,"y":1},"o":{"x":0.81,"y":0},"t":34,"s":[{"i":[[0,0],[0,0]],"o":[[0,0],[0,0]],"v":[[7.5,46.75],[-24.25,46.75]],"c":false}]},{"t":53,"s":[{"i":[[0,0],[0,0]],"o":[[0,0],[0,0]],"v":[[-14.75,47],[-15.5,47]],"c":false}]}],"ix":2},"nm":"Path 1","mn":"ADBE Vector Shape - Group","hd":false},{"ty":"st","c":{"a":0,"k":[0.121568634931,0.121568634931,0.121568634931,1],"ix":3},"o":{"a":0,"k":100,"ix":4},"w":{"a":0,"k":7,"ix":5},"lc":1,"lj":1,"ml":4,"bm":0,"nm":"Stroke 1","mn":"ADBE Vector Graphic - Stroke","hd":false},{"ty":"tr","p":{"a":0,"k":[0,0],"ix":2},"a":{"a":0,"k":[0,0],"ix":1},"s":{"a":0,"k":[100,100],"ix":3},"r":{"a":0,"k":0,"ix":6},"o":{"a":0,"k":100,"ix":7},"sk":{"a":0,"k":0,"ix":4},"sa":{"a":0,"k":0,"ix":5},"nm":"Transform"}],"nm":"Shape 1","np":3,"cix":2,"bm":0,"ix":1,"mn":"ADBE Vector Group","hd":false}],"ip":8,"op":52,"st":0,"ct":1,"bm":0},{"ddd":0,"ind":9,"ty":4,"nm":"Shape Layer 2","parent":1,"sr":1,"ks":{"o":{"a":0,"k":100,"ix":11},"r":{"a":0,"k":0,"ix":10},"p":{"a":0,"k":[-8.375,46.75,0],"ix":2,"l":2},"a":{"a":0,"k":[-8.375,46.75,0],"ix":1,"l":2},"s":{"a":0,"k":[100,100,100],"ix":6,"l":2}},"ao":0,"shapes":[{"ty":"gr","it":[{"ind":0,"ty":"sh","ix":1,"ks":{"a":1,"k":[{"i":{"x":0.19,"y":1},"o":{"x":0.81,"y":0},"t":8,"s":[{"i":[[0,0],[0,0]],"o":[[0,0],[0,0]],"v":[[1,47],[0.25,47]],"c":false}]},{"i":{"x":0.19,"y":1},"o":{"x":0.81,"y":0},"t":27,"s":[{"i":[[0,0],[0,0]],"o":[[0,0],[0,0]],"v":[[7.5,46.75],[-24.25,46.75]],"c":false}]},{"i":{"x":0.19,"y":1},"o":{"x":0.81,"y":0},"t":34,"s":[{"i":[[0,0],[0,0]],"o":[[0,0],[0,0]],"v":[[7.5,46.75],[-24.25,46.75]],"c":false}]},{"t":53,"s":[{"i":[[0,0],[0,0]],"o":[[0,0],[0,0]],"v":[[1,47],[0.25,47]],"c":false}]}],"ix":2},"nm":"Path 1","mn":"ADBE Vector Shape - Group","hd":false},{"ty":"st","c":{"a":0,"k":[0.121568634931,0.121568634931,0.121568634931,1],"ix":3},"o":{"a":0,"k":100,"ix":4},"w":{"a":0,"k":7,"ix":5},"lc":1,"lj":1,"ml":4,"bm":0,"nm":"Stroke 1","mn":"ADBE Vector Graphic - Stroke","hd":false},{"ty":"tr","p":{"a":0,"k":[0,0],"ix":2},"a":{"a":0,"k":[0,0],"ix":1},"s":{"a":0,"k":[100,100],"ix":3},"r":{"a":0,"k":0,"ix":6},"o":{"a":0,"k":100,"ix":7},"sk":{"a":0,"k":0,"ix":4},"sa":{"a":0,"k":0,"ix":5},"nm":"Transform"}],"nm":"Shape 1","np":3,"cix":2,"bm":0,"ix":1,"mn":"ADBE Vector Group","hd":false}],"ip":8,"op":52,"st":0,"ct":1,"bm":0},{"ddd":0,"ind":10,"ty":4,"nm":"Shape Layer 1","parent":1,"sr":1,"ks":{"o":{"a":0,"k":100,"ix":11},"r":{"a":0,"k":0,"ix":10},"p":{"a":0,"k":[-7,-47,0],"ix":2,"l":2},"a":{"a":0,"k":[-7,-47,0],"ix":1,"l":2},"s":{"a":0,"k":[100,100,100],"ix":6,"l":2}},"ao":0,"shapes":[{"ty":"gr","it":[{"ind":0,"ty":"sh","ix":1,"ks":{"a":1,"k":[{"i":{"x":0.833,"y":0.833},"o":{"x":0.81,"y":0},"t":8,"s":[{"i":[[0,0],[0,0]],"o":[[0,0],[0,0]],"v":[[1,-47],[0.25,-47]],"c":false}]},{"i":{"x":0.19,"y":1},"o":{"x":0.167,"y":0.167},"t":17,"s":[{"i":[[0,0],[0,0]],"o":[[0,0],[0,0]],"v":[[3.327,-47],[-13.041,-46.49]],"c":false}]},{"i":{"x":0.19,"y":1},"o":{"x":0.81,"y":0},"t":27,"s":[{"i":[[0,0],[0,0]],"o":[[0,0],[0,0]],"v":[[7.25,-47],[-23,-47]],"c":false}]},{"i":{"x":0.833,"y":0.833},"o":{"x":0.81,"y":0},"t":34,"s":[{"i":[[0,0],[0,0]],"o":[[0,0],[0,0]],"v":[[7.25,-47],[-23,-47]],"c":false}]},{"i":{"x":0.19,"y":1},"o":{"x":0.167,"y":0.167},"t":43,"s":[{"i":[[0,0],[0,0]],"o":[[0,0],[0,0]],"v":[[4.923,-47],[-15.764,-47.156]],"c":false}]},{"t":53,"s":[{"i":[[0,0],[0,0]],"o":[[0,0],[0,0]],"v":[[1,-47],[0.25,-47]],"c":false}]}],"ix":2},"nm":"Path 1","mn":"ADBE Vector Shape - Group","hd":false},{"ty":"st","c":{"a":0,"k":[0.121568634931,0.121568634931,0.121568634931,1],"ix":3},"o":{"a":0,"k":100,"ix":4},"w":{"a":0,"k":7,"ix":5},"lc":2,"lj":2,"bm":0,"nm":"Stroke 1","mn":"ADBE Vector Graphic - Stroke","hd":false},{"ty":"tr","p":{"a":0,"k":[0,0],"ix":2},"a":{"a":0,"k":[0,0],"ix":1},"s":{"a":0,"k":[100,100],"ix":3},"r":{"a":0,"k":0,"ix":6},"o":{"a":0,"k":100,"ix":7},"sk":{"a":0,"k":0,"ix":4},"sa":{"a":0,"k":0,"ix":5},"nm":"Transform"}],"nm":"Shape 1","np":3,"cix":2,"bm":0,"ix":1,"mn":"ADBE Vector Group","hd":false}],"ip":8,"op":52,"st":0,"ct":1,"bm":0},{"ddd":0,"ind":11,"ty":4,"nm":"mask","parent":1,"td":1,"sr":1,"ks":{"o":{"a":0,"k":100,"ix":11},"r":{"a":0,"k":0,"ix":10},"p":{"a":0,"k":[0,0.001,0],"ix":2,"l":2},"a":{"a":0,"k":[54,54,0],"ix":1,"l":2},"s":{"a":0,"k":[100,100,100],"ix":6,"l":2}},"ao":0,"shapes":[{"ty":"gr","it":[{"ind":0,"ty":"sh","ix":1,"ks":{"a":1,"k":[{"i":{"x":0.833,"y":0.833},"o":{"x":0.81,"y":0},"t":8,"s":[{"i":[[0,0],[3.72,0],[0,0],[0,-3.674],[4.138,4.138],[2.566,-2.565],[0,0],[-2.588,-2.588],[5.904,0],[0,0],[0,-3.721],[0,0],[-3.72,0],[4.244,-4.243],[-2.664,-2.664],[0,0],[-2.641,2.64],[0,0],[0,-5.928],[-3.674,0],[0,0],[0,3.72],[-4.244,-4.243],[-2.663,2.664],[0,0],[2.641,2.641],[0,0],[-5.928,0],[0,3.675],[0,0],[3.675,0],[-4.138,4.138],[2.566,2.565],[0,0],[2.588,-2.588],[0,5.904]],"o":[[0,-3.72],[0,0],[-3.674,0],[0,5.852],[-2.565,-2.565],[0,0],[-2.588,2.588],[4.175,4.175],[0,0],[-3.72,0],[0,0],[0,3.72],[6.002,0],[-2.664,2.664],[0,0],[2.641,2.64],[0,0],[4.191,-4.192],[0,3.674],[0,0],[3.72,0],[0,-6.002],[2.664,2.664],[0,0],[2.641,-2.641],[0,0],[-4.191,-4.191],[3.674,0],[0,0],[0,-3.675],[-5.852,0],[2.566,-2.565],[0,0],[-2.588,-2.588],[-4.175,4.175],[0,0]],"v":[[10,-40.264],[3.264,-47],[-3.347,-47],[-10,-40.287],[-21.213,-35.498],[-30.503,-35.498],[-35.314,-30.687],[-35.314,-21.314],[-40,-10],[-40.264,-10],[-47,-3.264],[-47,3.263],[-40.264,10],[-35.602,21.601],[-35.645,31.291],[-31.108,35.828],[-21.544,35.828],[-21.358,35.642],[-10,40.347],[-3.347,47],[3.264,47],[10,40.263],[21.602,35.601],[31.291,35.644],[35.828,31.107],[35.828,21.544],[35.642,21.357],[40.347,10],[47,3.346],[47,-3.347],[40.286,-10],[35.497,-21.214],[35.497,-30.503],[30.686,-35.314],[21.314,-35.314],[10,-40]],"c":true}]},{"i":{"x":0.833,"y":0.833},"o":{"x":0.167,"y":0.167},"t":16,"s":[{"i":[[0,0],[3.233,0],[0,0],[0,-3.578],[4.077,2.87],[2.23,-2.498],[0,0],[-2.249,-2.521],[5.131,0],[0,0],[0,-3.624],[0,0],[-3.233,0],[3.688,-4.132],[-2.315,-2.595],[0,0],[-2.547,2.233],[0,0],[0,-5.773],[-3.193,0],[0,0],[-1.112,2.598],[-3.757,-4.284],[-2.358,2.69],[0,0],[2.338,2.667],[0,0],[-5.249,0],[0,3.711],[0,0],[3.254,0],[-3.664,4.178],[2.272,2.59],[0,0],[2.59,-2.328],[2.096,3.365]],"o":[[-2.029,-3.177],[0,0],[-3.193,0],[0,5.699],[-2.61,-1.774],[0,0],[-2.249,2.521],[3.629,4.066],[0,0],[-3.233,0],[0,0],[0,3.623],[5.217,0],[-2.315,2.595],[0,0],[2.295,2.571],[0,0],[3.87,-2.609],[0,3.578],[0,0],[3.233,0],[1.227,-4.214],[2.359,2.69],[0,0],[2.338,-2.667],[0,0],[-3.711,-4.232],[3.253,0],[0,0],[0.692,-1.848],[-5.181,0],[2.272,-2.59],[0,0],[-2.291,-2.613],[-3.428,3.267],[0,0]],"v":[[6.638,-41.552],[-2.83,-46.25],[-7.179,-45.15],[-12.794,-38.612],[-24.284,-35.551],[-32.249,-34.357],[-36.431,-29.671],[-35.183,-20.76],[-39.256,-9.741],[-39.486,-9.741],[-45.34,-3.18],[-45.34,3.176],[-39.486,9.738],[-35.762,20.24],[-35.799,29.678],[-32.942,34.386],[-24.593,35.544],[-23.237,35.399],[-13.307,38.051],[-7.59,44.748],[-1.844,44.748],[6.131,41.205],[21.469,37.297],[30.048,37.34],[34.065,32.759],[33.92,21.583],[33.755,21.394],[37.921,9.927],[43.811,3.208],[43.811,-3.55],[37.867,-10.268],[33.627,-21.591],[33.627,-30.97],[30.163,-38.071],[21.146,-36.337],[11.563,-39.622]],"c":true}]},{"i":{"x":0.833,"y":0.833},"o":{"x":0.167,"y":0.167},"t":17,"s":[{"i":[[0,0],[3.094,0],[0,0],[0,-3.551],[4.06,2.508],[2.134,-2.479],[0,0],[-2.152,-2.501],[4.91,0],[0,0],[0,-3.596],[0,0],[-3.094,0],[3.53,-4.101],[-2.216,-2.575],[0,0],[-2.52,2.116],[0,0],[0,-5.729],[-3.056,0],[0,0],[-1.43,2.277],[-3.618,-4.296],[-2.27,2.697],[0,0],[2.252,2.674],[0,0],[-5.054,0],[0,3.721],[0,0],[3.133,0],[-3.528,4.19],[2.188,2.597],[0,0],[2.591,-2.254],[-0.971,8.162]],"o":[[-2.61,-3.022],[0,0],[-3.056,0],[0,5.656],[-2.622,-1.548],[0,0],[-2.152,2.501],[3.472,4.035],[0,0],[-3.094,0],[0,0],[0,3.595],[4.992,0],[-2.216,2.575],[0,0],[2.197,2.551],[0,0],[3.779,-2.156],[0,3.551],[0,0],[3.094,0],[1.579,-3.703],[2.271,2.697],[0,0],[2.252,-2.674],[0,0],[-3.573,-4.243],[3.132,0],[0,0],[0.89,-1.325],[-4.989,0],[2.188,-2.597],[0,0],[-2.206,-2.62],[-4.846,4.704],[0,0]],"v":[[5.676,-41.921],[-4.574,-46.035],[-10.072,-46.035],[-15.39,-39.547],[-26.506,-35.617],[-34.093,-34.081],[-38.094,-29.432],[-36.49,-20.652],[-40.387,-9.718],[-40.607,-9.718],[-46.209,-3.207],[-46.209,3.101],[-40.607,9.612],[-37.151,19.8],[-37.187,29.165],[-34.81,33.922],[-26.809,35.411],[-25.119,35.278],[-14.253,37.394],[-8.804,44.103],[-3.306,44.103],[5.024,41.475],[21.431,37.782],[29.692,37.825],[33.56,33.232],[33.374,21.594],[33.215,21.405],[37.227,9.906],[42.899,3.169],[42.899,-3.608],[37.175,-10.344],[33.092,-21.699],[33.092,-31.104],[30.014,-38.86],[20.857,-36.521],[12.912,-45.535]],"c":true}]},{"i":{"x":0.19,"y":1},"o":{"x":0.167,"y":0.167},"t":18,"s":[{"i":[[0,0],[2.89,0],[0,0],[0,-3.511],[4.035,1.977],[1.993,-2.451],[0,0],[-2.011,-2.473],[4.587,0],[0,0],[0,-3.556],[0,0],[-2.89,0],[3.297,-4.054],[-2.07,-2.546],[0,0],[-2.48,1.945],[0,0],[0,-5.664],[-2.854,0],[0,0],[-1.896,1.806],[-3.414,-4.313],[-2.143,2.708],[0,0],[2.125,2.685],[0,0],[-4.769,0],[0,3.736],[0,0],[2.957,0],[-3.33,4.206],[2.065,2.608],[0,0],[2.592,-2.145],[-0.284,6.182]],"o":[[-3.46,-2.794],[0,0],[-2.854,0],[0,5.592],[-2.641,-1.217],[0,0],[-2.011,2.473],[3.243,3.989],[0,0],[-2.89,0],[0,0],[0,3.555],[4.663,0],[-2.07,2.546],[0,0],[2.052,2.523],[0,0],[3.644,-1.493],[0,3.511],[0,0],[2.89,0],[2.093,-2.954],[2.143,2.708],[0,0],[2.125,-2.685],[0,0],[-3.372,-4.26],[2.956,0],[0,0],[1.179,-0.56],[-4.708,0],[2.065,-2.608],[0,0],[-2.082,-2.631],[-2.901,2.627],[0,0]],"v":[[4.514,-47.322],[-7.126,-45.721],[-12.262,-45.721],[-17.145,-39.306],[-28.23,-35.656],[-35.262,-33.62],[-38.999,-29.023],[-36.873,-20.437],[-40.513,-9.626],[-40.718,-9.626],[-45.951,-3.189],[-45.951,3.048],[-40.718,9.485],[-37.656,19.213],[-37.689,28.472],[-36.016,33.301],[-28.524,35.276],[-26.343,35.16],[-16.252,37.235],[-11.195,43.962],[-6.06,43.962],[5.904,47.897],[22.047,45.468],[29.171,38.536],[32.822,33.923],[32.575,21.611],[32.425,21.42],[36.211,9.875],[41.563,3.111],[41.563,-3.693],[36.162,-10.456],[32.308,-21.856],[32.308,-31.299],[29.795,-40.016],[22.289,-34.661],[13.873,-45.37]],"c":true}]},{"i":{"x":0.19,"y":1},"o":{"x":0.81,"y":0},"t":27,"s":[{"i":[[0,0],[2.038,0],[0,0],[0,-3.343],[3.929,-0.241],[1.406,-2.334],[0,0],[-1.418,-2.355],[3.235,0],[0,0],[0,-3.386],[0,0],[-2.038,0],[2.325,-3.861],[-1.46,-2.424],[0,0],[-2.315,1.233],[0,0],[0,-5.394],[-2.013,0],[0,0],[-3.842,-0.157],[-2.563,-4.386],[-1.609,2.753],[0,0],[1.595,2.73],[0,0],[-3.581,0],[0,3.798],[0,0],[2.22,0],[-2.5,4.277],[1.55,2.651],[0,0],[2.596,-1.691],[7.24,-2.868]],"o":[[-7.01,-1.845],[0,0],[-2.013,0],[0,5.325],[-2.719,0.167],[0,0],[-1.418,2.355],[2.288,3.799],[0,0],[-2.038,0],[0,0],[0,3.385],[3.289,0],[-1.46,2.424],[0,0],[1.447,2.402],[0,0],[3.083,1.277],[0,3.343],[0,0],[2.038,0],[4.24,0.173],[1.609,2.753],[0,0],[1.595,-2.73],[0,0],[-2.532,-4.332],[2.219,0],[0,0],[2.389,2.637],[-3.535,0],[1.55,-2.651],[0,0],[-1.563,-2.675],[-1.595,1.039],[0,0]],"v":[[-1.615,-44.714],[-17.786,-44.409],[-21.409,-44.409],[-24.476,-38.301],[-35.429,-35.818],[-40.144,-31.693],[-42.78,-27.315],[-38.472,-19.536],[-41.039,-9.241],[-41.184,-9.241],[-44.875,-3.112],[-44.875,2.827],[-41.184,8.957],[-39.763,16.763],[-39.787,25.58],[-41.051,30.709],[-35.685,34.709],[-31.458,34.665],[-24.601,36.571],[-21.182,43.375],[-17.559,43.375],[-3.365,43.518],[21.144,41.458],[26.996,41.502],[29.737,36.813],[29.237,21.679],[29.125,21.486],[31.967,9.747],[35.986,2.87],[35.986,-4.048],[31.93,-10.925],[29.037,-22.515],[29.037,-32.116],[28.881,-44.839],[23.22,-44.839],[17.885,-44.682]],"c":true}]},{"i":{"x":0.833,"y":0.833},"o":{"x":0.81,"y":0},"t":34,"s":[{"i":[[0,0],[2.038,0],[0,0],[0,-3.343],[3.929,-0.241],[1.406,-2.334],[0,0],[-1.418,-2.355],[3.235,0],[0,0],[0,-3.386],[0,0],[-2.038,0],[2.325,-3.861],[-1.46,-2.424],[0,0],[-2.315,1.233],[0,0],[0,-5.394],[-2.013,0],[0,0],[-3.842,-0.157],[-2.563,-4.386],[-1.609,2.753],[0,0],[1.595,2.73],[0,0],[-3.581,0],[0,3.798],[0,0],[2.22,0],[-2.5,4.277],[1.55,2.651],[0,0],[2.596,-1.691],[7.24,-2.868]],"o":[[-7.01,-1.845],[0,0],[-2.013,0],[0,5.325],[-2.719,0.167],[0,0],[-1.418,2.355],[2.288,3.799],[0,0],[-2.038,0],[0,0],[0,3.385],[3.289,0],[-1.46,2.424],[0,0],[1.447,2.402],[0,0],[3.083,1.277],[0,3.343],[0,0],[2.038,0],[4.24,0.173],[1.609,2.753],[0,0],[1.595,-2.73],[0,0],[-2.532,-4.332],[2.219,0],[0,0],[2.389,2.637],[-3.535,0],[1.55,-2.651],[0,0],[-1.563,-2.675],[-1.595,1.039],[0,0]],"v":[[-1.615,-44.714],[-17.786,-44.409],[-21.409,-44.409],[-24.476,-38.301],[-35.429,-35.818],[-40.144,-31.693],[-42.78,-27.315],[-38.472,-19.536],[-41.039,-9.241],[-41.184,-9.241],[-44.875,-3.112],[-44.875,2.827],[-41.184,8.957],[-39.763,16.763],[-39.787,25.58],[-41.051,30.709],[-35.685,34.709],[-31.458,34.665],[-24.601,36.571],[-21.182,43.375],[-17.559,43.375],[-3.365,43.518],[21.144,41.458],[26.996,41.502],[29.737,36.813],[29.237,21.679],[29.125,21.486],[31.967,9.747],[35.986,2.87],[35.986,-4.048],[31.93,-10.925],[29.037,-22.515],[29.037,-32.116],[28.881,-44.839],[23.22,-44.839],[17.885,-44.682]],"c":true}]},{"i":{"x":0.833,"y":0.833},"o":{"x":0.167,"y":0.167},"t":42,"s":[{"i":[[0,0],[2.405,0],[0,0],[0,-3.415],[3.974,0.713],[1.659,-2.384],[0,0],[-1.673,-2.406],[3.817,0],[0,0],[0,-3.459],[0,0],[-2.405,0],[2.743,-3.944],[-1.722,-2.476],[0,0],[-2.386,1.539],[0,0],[0,-5.51],[-2.375,0],[0,0],[-3.005,0.688],[-2.929,-4.355],[-1.838,2.734],[0,0],[1.823,2.71],[0,0],[-4.092,0],[0,3.772],[0,0],[2.537,0],[-2.857,4.246],[1.771,2.632],[0,0],[2.594,-1.886],[5.662,-0.957]],"o":[[-5.483,-2.253],[0,0],[-2.375,0],[0,5.44],[-2.686,-0.429],[0,0],[-1.673,2.406],[2.699,3.881],[0,0],[-2.405,0],[0,0],[0,3.458],[3.88,0],[-1.722,2.476],[0,0],[1.707,2.454],[0,0],[3.325,0.085],[0,3.415],[0,0],[2.405,0],[3.316,-1.172],[1.839,2.734],[0,0],[1.823,-2.71],[0,0],[-2.893,-4.301],[2.536,0],[0,0],[1.869,1.261],[-4.04,0],[1.771,-2.632],[0,0],[-1.787,-2.656],[-2.157,1.722],[0,0]],"v":[[0.743,-44.665],[-13.2,-44.973],[-17.473,-44.973],[-21.322,-38.733],[-32.331,-35.748],[-38.044,-32.522],[-41.154,-28.05],[-37.784,-19.924],[-40.813,-9.407],[-40.984,-9.407],[-45.338,-3.145],[-45.338,2.922],[-40.984,9.184],[-38.857,17.817],[-38.884,26.825],[-38.884,31.824],[-32.604,34.953],[-29.258,34.878],[-21.42,37.394],[-17.296,44.164],[-13.022,44.164],[-0.453,42.809],[19.729,46.854],[27.932,40.226],[31.064,35.57],[30.673,21.649],[30.545,21.458],[33.793,9.802],[38.386,2.973],[38.386,-3.895],[33.751,-10.723],[30.445,-22.232],[30.445,-31.765],[29.274,-42.764],[22.804,-42.764],[15.995,-44.583]],"c":true}]},{"i":{"x":0.833,"y":0.833},"o":{"x":0.167,"y":0.167},"t":43,"s":[{"i":[[0,0],[2.628,0],[0,0],[0,-3.459],[4.002,1.295],[1.813,-2.415],[0,0],[-1.828,-2.437],[4.171,0],[0,0],[0,-3.503],[0,0],[-2.628,0],[2.998,-3.995],[-1.882,-2.508],[0,0],[-2.429,1.726],[0,0],[0,-5.581],[-2.595,0],[0,0],[-2.495,1.202],[-3.153,-4.336],[-1.978,2.722],[0,0],[1.962,2.699],[0,0],[-4.404,0],[0,3.755],[0,0],[2.73,0],[-3.075,4.228],[1.906,2.621],[0,0],[2.593,-2.006],[4.701,0.208]],"o":[[-4.552,-2.502],[0,0],[-2.595,0],[0,5.51],[-2.665,-0.791],[0,0],[-1.828,2.437],[2.949,3.931],[0,0],[-2.628,0],[0,0],[0,3.502],[4.24,0],[-1.882,2.508],[0,0],[1.866,2.486],[0,0],[3.472,-0.641],[0,3.459],[0,0],[2.628,0],[2.753,-1.992],[1.979,2.722],[0,0],[1.962,-2.699],[0,0],[-3.113,-4.282],[2.729,0],[0,0],[1.552,0.424],[-4.347,0],[1.906,-2.621],[0,0],[-1.923,-2.644],[-2.499,2.138],[0,0]],"v":[[2.676,-45.143],[-10.406,-45.317],[-15.076,-45.317],[-19.4,-38.997],[-30.445,-35.706],[-36.764,-33.027],[-40.163,-28.497],[-37.365,-20.16],[-40.675,-9.507],[-40.861,-9.507],[-45.62,-3.165],[-45.62,2.98],[-40.861,9.323],[-38.304,18.459],[-38.335,27.583],[-37.565,32.504],[-30.727,35.101],[-27.917,35.007],[-19.482,37.895],[-14.929,44.646],[-10.259,44.646],[0.756,44.903],[20.047,44.944],[28.502,39.448],[31.873,34.812],[31.548,21.632],[31.41,21.44],[34.905,9.836],[39.848,3.037],[39.848,-3.802],[34.86,-10.6],[31.302,-22.059],[31.302,-31.551],[29.514,-41.499],[22.552,-41.499],[15.308,-44.746]],"c":true}]},{"i":{"x":0.833,"y":0.833},"o":{"x":0.167,"y":0.167},"t":44,"s":[{"i":[[0,0],[2.871,0],[0,0],[0,-3.507],[4.032,1.927],[1.98,-2.448],[0,0],[-1.997,-2.47],[4.556,0],[0,0],[0,-3.552],[0,0],[-2.871,0],[3.275,-4.05],[-2.056,-2.543],[0,0],[-2.476,1.929],[0,0],[0,-5.658],[-2.835,0],[0,0],[-1.94,1.762],[-3.395,-4.315],[-2.131,2.709],[0,0],[2.113,2.686],[0,0],[-4.743,0],[0,3.737],[0,0],[2.94,0],[-3.311,4.208],[2.053,2.609],[0,0],[2.592,-2.135],[1.309,5.34]],"o":[[-3.54,-2.773],[0,0],[-2.835,0],[0,5.586],[-2.643,-1.186],[0,0],[-1.997,2.47],[3.222,3.985],[0,0],[-2.871,0],[0,0],[0,3.551],[4.632,0],[-2.056,2.543],[0,0],[2.038,2.52],[0,0],[3.632,-1.431],[0,3.507],[0,0],[2.871,0],[2.141,-2.884],[2.131,2.709],[0,0],[2.113,-2.686],[0,0],[-3.353,-4.262],[2.94,0],[0,0],[1.206,-0.488],[-4.682,0],[2.053,-2.608],[0,0],[-2.071,-2.632],[-2.872,2.591],[0,0]],"v":[[4.306,-44.057],[-7.365,-45.692],[-10.641,-44.626],[-15.484,-38.218],[-27.043,-35.572],[-34.023,-33.489],[-37.736,-28.897],[-35.561,-20.329],[-39.177,-9.529],[-39.381,-9.529],[-44.579,-3.1],[-44.579,3.131],[-39.381,9.561],[-36.355,19.246],[-36.389,28.495],[-34.781,33.331],[-27.336,35.351],[-25.11,35.236],[-17.372,38.44],[-12.352,45.169],[-7.25,45.169],[2.812,43.871],[20.393,42.866],[29.123,38.602],[32.753,33.988],[32.5,21.612],[32.351,21.422],[36.116,9.872],[41.439,3.105],[41.439,-3.701],[36.067,-10.467],[32.235,-21.871],[32.235,-31.318],[29.775,-40.123],[20.333,-36.356],[12.429,-43.696]],"c":true}]},{"i":{"x":0.833,"y":0.833},"o":{"x":0.167,"y":0.167},"t":45,"s":[{"i":[[0,0],[3.114,0],[0,0],[0,-3.555],[4.063,2.56],[2.148,-2.482],[0,0],[-2.166,-2.504],[4.942,0],[0,0],[0,-3.6],[0,0],[-3.114,0],[3.552,-4.105],[-2.23,-2.578],[0,0],[-2.523,2.133],[0,0],[0,-5.736],[-3.075,0],[0,0],[-1.385,2.323],[-3.638,-4.294],[-2.283,2.696],[0,0],[2.264,2.673],[0,0],[-5.082,0],[0,3.719],[0,0],[3.151,0],[-3.548,4.188],[2.2,2.596],[0,0],[2.591,-2.265],[2.61,2.742]],"o":[[-2.527,-3.044],[0,0],[-3.075,0],[0,5.662],[-2.621,-1.58],[0,0],[-2.166,2.504],[3.495,4.039],[0,0],[-3.114,0],[0,0],[0,3.599],[5.024,0],[-2.23,2.577],[0,0],[2.211,2.554],[0,0],[3.792,-2.221],[0,3.555],[0,0],[3.114,0],[1.528,-3.776],[2.284,2.696],[0,0],[2.264,-2.673],[0,0],[-3.593,-4.242],[3.15,0],[0,0],[0.861,-1.4],[-5.017,0],[2.2,-2.596],[0,0],[-2.219,-2.619],[-3.245,3.045],[0,0]],"v":[[5.935,-42.972],[-4.324,-46.066],[-6.627,-45.028],[-11.988,-38.533],[-25.292,-35.583],[-32.933,-34.096],[-36.96,-29.441],[-35.407,-20.643],[-39.329,-9.696],[-39.55,-9.696],[-45.189,-3.179],[-45.189,3.136],[-39.55,9.654],[-36.057,19.887],[-36.093,29.263],[-33.647,34.013],[-25.596,35.455],[-23.954,35.32],[-15.263,38.986],[-9.776,45.693],[-4.242,45.693],[4.869,42.839],[21.952,36.387],[29.743,37.756],[33.633,33.164],[33.452,21.593],[33.293,21.403],[37.326,9.909],[43.03,3.174],[43.03,-3.6],[37.274,-10.333],[33.169,-21.683],[33.169,-31.085],[30.035,-38.747],[20.586,-35.924],[11.531,-39.811]],"c":true}]},{"i":{"x":0.19,"y":1},"o":{"x":0.167,"y":0.167},"t":46,"s":[{"i":[[0,0],[3.271,0],[0,0],[0,-3.586],[4.082,2.969],[2.256,-2.503],[0,0],[-2.276,-2.526],[5.191,0],[0,0],[0,-3.632],[0,0],[-3.271,0],[3.732,-4.141],[-2.342,-2.6],[0,0],[-2.554,2.264],[0,0],[0,-5.785],[-3.231,0],[0,0],[-1.026,2.685],[-3.795,-4.281],[-2.382,2.688],[0,0],[2.362,2.665],[0,0],[-5.301,0],[0,3.708],[0,0],[3.287,0],[-3.701,4.175],[2.295,2.588],[0,0],[2.59,-2.349],[1.933,3.562]],"o":[[-1.872,-3.219],[0,0],[-3.231,0],[0,5.711],[-2.606,-1.836],[0,0],[-2.276,2.526],[3.671,4.075],[0,0],[-3.271,0],[0,0],[0,3.631],[5.278,0],[-2.342,2.6],[0,0],[2.322,2.577],[0,0],[3.895,-2.732],[0,3.586],[0,0],[3.271,0],[1.132,-4.353],[2.382,2.688],[0,0],[2.362,-2.665],[0,0],[-3.748,-4.229],[3.286,0],[0,0],[0.638,-1.99],[-5.233,0],[2.295,-2.588],[0,0],[-2.314,-2.611],[-3.486,3.338],[0,0]],"v":[[6.989,-42.27],[-2.356,-46.308],[-5.233,-45.467],[-8.589,-39.604],[-22.669,-36.271],[-30.738,-35.17],[-34.968,-30.475],[-33.818,-21.527],[-37.938,-10.485],[-38.171,-10.485],[-44.094,-3.911],[-44.094,2.459],[-38.171,9.034],[-34.374,19.621],[-34.412,29.078],[-31.423,33.773],[-22.98,34.841],[-21.715,34.693],[-10.009,38.449],[-6.567,46.087],[-2.295,46.032],[6.2,42.171],[21.862,36.183],[30.145,37.208],[34.202,32.63],[34.068,21.58],[33.902,21.391],[38.11,9.932],[44.06,3.219],[44.06,-3.534],[38.055,-10.247],[33.772,-21.561],[33.772,-30.934],[30.204,-37.857],[20.775,-35.766],[11.134,-39.86]],"c":true}]},{"t":53,"s":[{"i":[[0,0],[3.72,0],[0,0],[0,-3.674],[4.138,4.138],[2.566,-2.565],[0,0],[-2.588,-2.588],[5.904,0],[0,0],[0,-3.721],[0,0],[-3.72,0],[4.244,-4.243],[-2.664,-2.664],[0,0],[-2.641,2.64],[0,0],[0,-5.928],[-3.674,0],[0,0],[0,3.72],[-4.244,-4.243],[-2.663,2.664],[0,0],[2.641,2.641],[0,0],[-5.928,0],[0,3.675],[0,0],[3.675,0],[-4.138,4.138],[2.566,2.565],[0,0],[2.588,-2.588],[0,5.904]],"o":[[0,-3.72],[0,0],[-3.674,0],[0,5.852],[-2.565,-2.565],[0,0],[-2.588,2.588],[4.175,4.175],[0,0],[-3.72,0],[0,0],[0,3.72],[6.002,0],[-2.664,2.664],[0,0],[2.641,2.64],[0,0],[4.191,-4.192],[0,3.674],[0,0],[3.72,0],[0,-6.002],[2.664,2.664],[0,0],[2.641,-2.641],[0,0],[-4.191,-4.191],[3.674,0],[0,0],[0,-3.675],[-5.852,0],[2.566,-2.565],[0,0],[-2.588,-2.588],[-4.175,4.175],[0,0]],"v":[[10,-40.264],[3.264,-47],[-3.347,-47],[-10,-40.287],[-21.213,-35.498],[-30.503,-35.498],[-35.314,-30.687],[-35.314,-21.314],[-40,-10],[-40.264,-10],[-47,-3.264],[-47,3.263],[-40.264,10],[-35.602,21.601],[-35.645,31.291],[-31.108,35.828],[-21.544,35.828],[-21.358,35.642],[-10,40.347],[-3.347,47],[3.264,47],[10,40.263],[21.602,35.601],[31.291,35.644],[35.828,31.107],[35.828,21.544],[35.642,21.357],[40.347,10],[47,3.346],[47,-3.347],[40.286,-10],[35.497,-21.214],[35.497,-30.503],[30.686,-35.314],[21.314,-35.314],[10,-40]],"c":true}]}],"ix":2},"nm":"Path 1","mn":"ADBE Vector Shape - Group","hd":false},{"ty":"tr","p":{"a":0,"k":[54,54],"ix":2},"a":{"a":0,"k":[0,0],"ix":1},"s":{"a":0,"k":[100,100],"ix":3},"r":{"a":0,"k":0,"ix":6},"o":{"a":0,"k":100,"ix":7},"sk":{"a":0,"k":0,"ix":4},"sa":{"a":0,"k":0,"ix":5},"nm":"Transform"}],"nm":"Group 1","np":1,"cix":2,"bm":0,"ix":1,"mn":"ADBE Vector Group","hd":false},{"ty":"fl","c":{"a":0,"k":[0.121568635106,0.121568635106,0.121568635106,1],"ix":4},"o":{"a":0,"k":100,"ix":5},"r":1,"bm":0,"nm":"Fill 1","mn":"ADBE Vector Graphic - Fill","hd":false}],"ip":0,"op":241,"st":0,"ct":1,"bm":0},{"ddd":0,"ind":12,"ty":4,"nm":"Layer 2 Outlines 2","parent":1,"tt":2,"tp":11,"sr":1,"ks":{"o":{"a":0,"k":100,"ix":11},"r":{"a":0,"k":0,"ix":10},"p":{"a":0,"k":[0,0.001,0],"ix":2,"l":2},"a":{"a":0,"k":[54,54,0],"ix":1,"l":2},"s":{"a":0,"k":[100,100,100],"ix":6,"l":2}},"ao":0,"shapes":[{"ty":"gr","it":[{"ind":0,"ty":"sh","ix":1,"ks":{"a":1,"k":[{"i":{"x":0.19,"y":1},"o":{"x":0.81,"y":0},"t":8,"s":[{"i":[[0,0],[3.72,0],[0,0],[0,-3.674],[4.138,4.138],[2.566,-2.565],[0,0],[-2.588,-2.588],[5.904,0],[0,0],[0,-3.721],[0,0],[-3.72,0],[4.244,-4.243],[-2.664,-2.664],[0,0],[-2.641,2.64],[0,0],[0,-5.928],[-3.674,0],[0,0],[0,3.72],[-4.244,-4.243],[-2.663,2.664],[0,0],[2.641,2.641],[0,0],[-5.928,0],[0,3.675],[0,0],[3.675,0],[-4.138,4.138],[2.566,2.565],[0,0],[2.588,-2.588],[0,5.904]],"o":[[0,-3.72],[0,0],[-3.674,0],[0,5.852],[-2.565,-2.565],[0,0],[-2.588,2.588],[4.175,4.175],[0,0],[-3.72,0],[0,0],[0,3.72],[6.002,0],[-2.664,2.664],[0,0],[2.641,2.64],[0,0],[4.191,-4.192],[0,3.674],[0,0],[3.72,0],[0,-6.002],[2.664,2.664],[0,0],[2.641,-2.641],[0,0],[-4.191,-4.191],[3.674,0],[0,0],[0,-3.675],[-5.852,0],[2.566,-2.565],[0,0],[-2.588,-2.588],[-4.175,4.175],[0,0]],"v":[[10,-40.264],[3.264,-47],[-3.347,-47],[-10,-40.287],[-21.213,-35.498],[-30.503,-35.498],[-35.314,-30.687],[-35.314,-21.314],[-40,-10],[-40.264,-10],[-47,-3.264],[-47,3.263],[-40.264,10],[-35.602,21.601],[-35.645,31.291],[-31.108,35.828],[-21.544,35.828],[-21.358,35.642],[-10,40.347],[-3.347,47],[3.264,47],[10,40.263],[21.602,35.601],[31.291,35.644],[35.828,31.107],[35.828,21.544],[35.642,21.357],[40.347,10],[47,3.346],[47,-3.347],[40.286,-10],[35.497,-21.214],[35.497,-30.503],[30.686,-35.314],[21.314,-35.314],[10,-40]],"c":true}]},{"i":{"x":0.19,"y":1},"o":{"x":0.81,"y":0},"t":27,"s":[{"i":[[0,0],[2.399,0],[0,0],[0,-3.674],[2.669,4.138],[1.655,-2.565],[0,0],[-1.669,-2.588],[3.808,0],[0,0],[0,-3.721],[0,0],[-2.399,0],[2.737,-4.243],[-1.718,-2.664],[0,0],[-1.703,2.64],[0,0],[0,-5.928],[-2.37,0],[0,0],[0,3.72],[-2.737,-4.243],[-1.717,2.664],[0,0],[1.703,2.641],[0,0],[-3.823,0],[0,3.675],[0,0],[2.37,0],[-2.67,4.138],[1.655,2.565],[0,0],[1.669,-2.588],[0,5.904]],"o":[[0,-3.72],[0,0],[-2.37,0],[0,5.852],[-1.654,-2.565],[0,0],[-1.669,2.588],[2.693,4.175],[0,0],[-2.399,0],[0,0],[0,3.72],[3.871,0],[-1.718,2.664],[0,0],[1.703,2.64],[0,0],[2.703,-4.192],[0,3.674],[0,0],[2.399,0],[0,-6.002],[1.718,2.664],[0,0],[1.703,-2.641],[0,0],[-2.703,-4.191],[2.37,0],[0,0],[0,-3.675],[-3.774,0],[1.655,-2.565],[0,0],[-1.669,-2.588],[-2.693,4.175],[0,0]],"v":[[-15.045,-40.209],[-19.389,-46.945],[-23.653,-46.945],[-27.944,-40.232],[-35.175,-35.443],[-41.167,-35.443],[-44.27,-30.632],[-44.27,-21.259],[-47.292,-9.945],[-47.462,-9.945],[-51.806,-3.209],[-51.806,3.318],[-47.462,10.055],[-44.455,21.656],[-44.483,31.346],[-41.557,35.883],[-35.389,35.883],[-35.269,35.697],[-27.944,40.402],[-23.653,47.055],[-19.389,47.055],[-15.045,40.318],[-7.562,35.656],[-1.313,35.699],[1.613,31.162],[1.613,21.599],[1.493,21.412],[4.527,10.055],[8.818,3.401],[8.818,-3.292],[4.488,-9.945],[1.399,-21.159],[1.399,-30.448],[-1.703,-35.259],[-7.748,-35.259],[-15.045,-39.945]],"c":true}]},{"i":{"x":0.19,"y":1},"o":{"x":0.81,"y":0},"t":34,"s":[{"i":[[0,0],[2.399,0],[0,0],[0,-3.674],[2.669,4.138],[1.655,-2.565],[0,0],[-1.669,-2.588],[3.808,0],[0,0],[0,-3.721],[0,0],[-2.399,0],[2.737,-4.243],[-1.718,-2.664],[0,0],[-1.703,2.64],[0,0],[0,-5.928],[-2.37,0],[0,0],[0,3.72],[-2.737,-4.243],[-1.717,2.664],[0,0],[1.703,2.641],[0,0],[-3.823,0],[0,3.675],[0,0],[2.37,0],[-2.67,4.138],[1.655,2.565],[0,0],[1.669,-2.588],[0,5.904]],"o":[[0,-3.72],[0,0],[-2.37,0],[0,5.852],[-1.654,-2.565],[0,0],[-1.669,2.588],[2.693,4.175],[0,0],[-2.399,0],[0,0],[0,3.72],[3.871,0],[-1.718,2.664],[0,0],[1.703,2.64],[0,0],[2.703,-4.192],[0,3.674],[0,0],[2.399,0],[0,-6.002],[1.718,2.664],[0,0],[1.703,-2.641],[0,0],[-2.703,-4.191],[2.37,0],[0,0],[0,-3.675],[-3.774,0],[1.655,-2.565],[0,0],[-1.669,-2.588],[-2.693,4.175],[0,0]],"v":[[-15.045,-40.209],[-19.389,-46.945],[-23.653,-46.945],[-27.944,-40.232],[-35.175,-35.443],[-41.167,-35.443],[-44.27,-30.632],[-44.27,-21.259],[-47.292,-9.945],[-47.462,-9.945],[-51.806,-3.209],[-51.806,3.318],[-47.462,10.055],[-44.455,21.656],[-44.483,31.346],[-41.557,35.883],[-35.389,35.883],[-35.269,35.697],[-27.944,40.402],[-23.653,47.055],[-19.389,47.055],[-15.045,40.318],[-7.562,35.656],[-1.313,35.699],[1.613,31.162],[1.613,21.599],[1.493,21.412],[4.527,10.055],[8.818,3.401],[8.818,-3.292],[4.488,-9.945],[1.399,-21.159],[1.399,-30.448],[-1.703,-35.259],[-7.748,-35.259],[-15.045,-39.945]],"c":true}]},{"t":53,"s":[{"i":[[0,0],[3.72,0],[0,0],[0,-3.674],[4.138,4.138],[2.566,-2.565],[0,0],[-2.588,-2.588],[5.904,0],[0,0],[0,-3.721],[0,0],[-3.72,0],[4.244,-4.243],[-2.664,-2.664],[0,0],[-2.641,2.64],[0,0],[0,-5.928],[-3.674,0],[0,0],[0,3.72],[-4.244,-4.243],[-2.663,2.664],[0,0],[2.641,2.641],[0,0],[-5.928,0],[0,3.675],[0,0],[3.675,0],[-4.138,4.138],[2.566,2.565],[0,0],[2.588,-2.588],[0,5.904]],"o":[[0,-3.72],[0,0],[-3.674,0],[0,5.852],[-2.565,-2.565],[0,0],[-2.588,2.588],[4.175,4.175],[0,0],[-3.72,0],[0,0],[0,3.72],[6.002,0],[-2.664,2.664],[0,0],[2.641,2.64],[0,0],[4.191,-4.192],[0,3.674],[0,0],[3.72,0],[0,-6.002],[2.664,2.664],[0,0],[2.641,-2.641],[0,0],[-4.191,-4.191],[3.674,0],[0,0],[0,-3.675],[-5.852,0],[2.566,-2.565],[0,0],[-2.588,-2.588],[-4.175,4.175],[0,0]],"v":[[10,-40.264],[3.264,-47],[-3.347,-47],[-10,-40.287],[-21.213,-35.498],[-30.503,-35.498],[-35.314,-30.687],[-35.314,-21.314],[-40,-10],[-40.264,-10],[-47,-3.264],[-47,3.263],[-40.264,10],[-35.602,21.601],[-35.645,31.291],[-31.108,35.828],[-21.544,35.828],[-21.358,35.642],[-10,40.347],[-3.347,47],[3.264,47],[10,40.263],[21.602,35.601],[31.291,35.644],[35.828,31.107],[35.828,21.544],[35.642,21.357],[40.347,10],[47,3.346],[47,-3.347],[40.286,-10],[35.497,-21.214],[35.497,-30.503],[30.686,-35.314],[21.314,-35.314],[10,-40]],"c":true}]}],"ix":2},"nm":"Path 1","mn":"ADBE Vector Shape - Group","hd":false},{"ty":"st","c":{"a":0,"k":[0.121568634931,0.121568634931,0.121568634931,1],"ix":3},"o":{"a":0,"k":100,"ix":4},"w":{"a":0,"k":7,"ix":5},"lc":1,"lj":2,"bm":0,"nm":"Stroke 1","mn":"ADBE Vector Graphic - Stroke","hd":false},{"ty":"tr","p":{"a":0,"k":[54,54],"ix":2},"a":{"a":0,"k":[0,0],"ix":1},"s":{"a":0,"k":[100,100],"ix":3},"r":{"a":0,"k":0,"ix":6},"o":{"a":0,"k":100,"ix":7},"sk":{"a":0,"k":0,"ix":4},"sa":{"a":0,"k":0,"ix":5},"nm":"Transform"}],"nm":"Group 1","np":2,"cix":2,"bm":0,"ix":1,"mn":"ADBE Vector Group","hd":false}],"ip":0,"op":241,"st":0,"ct":1,"bm":0},{"ddd":0,"ind":13,"ty":4,"nm":"Layer 2 Outlines","parent":1,"sr":1,"ks":{"o":{"a":0,"k":100,"ix":11},"r":{"a":0,"k":0,"ix":10},"p":{"a":0,"k":[0,0.001,0],"ix":2,"l":2},"a":{"a":0,"k":[54,54,0],"ix":1,"l":2},"s":{"a":0,"k":[100,100,100],"ix":6,"l":2}},"ao":0,"shapes":[{"ty":"gr","it":[{"ind":0,"ty":"sh","ix":1,"ks":{"a":1,"k":[{"i":{"x":0.19,"y":1},"o":{"x":0.81,"y":0},"t":8,"s":[{"i":[[0,0],[3.72,0],[0,0],[0,-3.674],[4.138,4.138],[2.566,-2.565],[0,0],[-2.588,-2.588],[5.904,0],[0,0],[0,-3.721],[0,0],[-3.72,0],[4.244,-4.243],[-2.664,-2.664],[0,0],[-2.641,2.64],[0,0],[0,-5.928],[-3.674,0],[0,0],[0,3.72],[-4.244,-4.243],[-2.663,2.664],[0,0],[2.641,2.641],[0,0],[-5.928,0],[0,3.675],[0,0],[3.675,0],[-4.138,4.138],[2.566,2.565],[0,0],[2.588,-2.588],[0,5.904]],"o":[[0,-3.72],[0,0],[-3.674,0],[0,5.852],[-2.565,-2.565],[0,0],[-2.588,2.588],[4.175,4.175],[0,0],[-3.72,0],[0,0],[0,3.72],[6.002,0],[-2.664,2.664],[0,0],[2.641,2.64],[0,0],[4.191,-4.192],[0,3.674],[0,0],[3.72,0],[0,-6.002],[2.664,2.664],[0,0],[2.641,-2.641],[0,0],[-4.191,-4.191],[3.674,0],[0,0],[0,-3.675],[-5.852,0],[2.566,-2.565],[0,0],[-2.588,-2.588],[-4.175,4.175],[0,0]],"v":[[10,-40.264],[3.264,-47],[-3.347,-47],[-10,-40.287],[-21.213,-35.498],[-30.503,-35.498],[-35.314,-30.687],[-35.314,-21.314],[-40,-10],[-40.264,-10],[-47,-3.264],[-47,3.263],[-40.264,10],[-35.602,21.601],[-35.645,31.291],[-31.108,35.828],[-21.544,35.828],[-21.358,35.642],[-10,40.347],[-3.347,47],[3.264,47],[10,40.263],[21.602,35.601],[31.291,35.644],[35.828,31.107],[35.828,21.544],[35.642,21.357],[40.347,10],[47,3.346],[47,-3.347],[40.286,-10],[35.497,-21.214],[35.497,-30.503],[30.686,-35.314],[21.314,-35.314],[10,-40]],"c":true}]},{"i":{"x":0.19,"y":1},"o":{"x":0.81,"y":0},"t":27,"s":[{"i":[[0,0],[2.399,0],[0,0],[0,-3.674],[2.669,4.138],[1.655,-2.565],[0,0],[-1.669,-2.588],[3.808,0],[0,0],[0,-3.721],[0,0],[-2.399,0],[2.737,-4.243],[-1.718,-2.664],[0,0],[-1.703,2.64],[0,0],[0,-5.928],[-2.37,0],[0,0],[0,3.72],[-2.737,-4.243],[-1.717,2.664],[0,0],[1.703,2.641],[0,0],[-3.823,0],[0,3.675],[0,0],[2.37,0],[-2.67,4.138],[1.655,2.565],[0,0],[1.669,-2.588],[0,5.904]],"o":[[0,-3.72],[0,0],[-2.37,0],[0,5.852],[-1.654,-2.565],[0,0],[-1.669,2.588],[2.693,4.175],[0,0],[-2.399,0],[0,0],[0,3.72],[3.871,0],[-1.718,2.664],[0,0],[1.703,2.64],[0,0],[2.703,-4.192],[0,3.674],[0,0],[2.399,0],[0,-6.002],[1.718,2.664],[0,0],[1.703,-2.641],[0,0],[-2.703,-4.191],[2.37,0],[0,0],[0,-3.675],[-3.774,0],[1.655,-2.565],[0,0],[-1.669,-2.588],[-2.693,4.175],[0,0]],"v":[[16.921,-40.284],[12.577,-47.02],[8.313,-47.02],[4.022,-40.307],[-3.21,-35.518],[-9.201,-35.518],[-12.304,-30.707],[-12.304,-21.334],[-15.326,-10.02],[-15.496,-10.02],[-19.841,-3.284],[-19.841,3.243],[-15.496,9.98],[-12.49,21.581],[-12.517,31.271],[-9.591,35.808],[-3.423,35.808],[-3.303,35.622],[4.022,40.327],[8.313,46.98],[12.577,46.98],[16.921,40.243],[24.404,35.581],[30.652,35.624],[33.579,31.087],[33.579,21.524],[33.459,21.337],[36.493,9.98],[40.784,3.326],[40.784,-3.367],[36.454,-10.02],[33.365,-21.234],[33.365,-30.523],[30.262,-35.334],[24.218,-35.334],[16.921,-40.02]],"c":true}]},{"i":{"x":0.19,"y":1},"o":{"x":0.81,"y":0},"t":34,"s":[{"i":[[0,0],[2.399,0],[0,0],[0,-3.674],[2.669,4.138],[1.655,-2.565],[0,0],[-1.669,-2.588],[3.808,0],[0,0],[0,-3.721],[0,0],[-2.399,0],[2.737,-4.243],[-1.718,-2.664],[0,0],[-1.703,2.64],[0,0],[0,-5.928],[-2.37,0],[0,0],[0,3.72],[-2.737,-4.243],[-1.717,2.664],[0,0],[1.703,2.641],[0,0],[-3.823,0],[0,3.675],[0,0],[2.37,0],[-2.67,4.138],[1.655,2.565],[0,0],[1.669,-2.588],[0,5.904]],"o":[[0,-3.72],[0,0],[-2.37,0],[0,5.852],[-1.654,-2.565],[0,0],[-1.669,2.588],[2.693,4.175],[0,0],[-2.399,0],[0,0],[0,3.72],[3.871,0],[-1.718,2.664],[0,0],[1.703,2.64],[0,0],[2.703,-4.192],[0,3.674],[0,0],[2.399,0],[0,-6.002],[1.718,2.664],[0,0],[1.703,-2.641],[0,0],[-2.703,-4.191],[2.37,0],[0,0],[0,-3.675],[-3.774,0],[1.655,-2.565],[0,0],[-1.669,-2.588],[-2.693,4.175],[0,0]],"v":[[16.921,-40.284],[12.577,-47.02],[8.313,-47.02],[4.022,-40.307],[-3.21,-35.518],[-9.201,-35.518],[-12.304,-30.707],[-12.304,-21.334],[-15.326,-10.02],[-15.496,-10.02],[-19.841,-3.284],[-19.841,3.243],[-15.496,9.98],[-12.49,21.581],[-12.517,31.271],[-9.591,35.808],[-3.423,35.808],[-3.303,35.622],[4.022,40.327],[8.313,46.98],[12.577,46.98],[16.921,40.243],[24.404,35.581],[30.652,35.624],[33.579,31.087],[33.579,21.524],[33.459,21.337],[36.493,9.98],[40.784,3.326],[40.784,-3.367],[36.454,-10.02],[33.365,-21.234],[33.365,-30.523],[30.262,-35.334],[24.218,-35.334],[16.921,-40.02]],"c":true}]},{"t":53,"s":[{"i":[[0,0],[3.72,0],[0,0],[0,-3.674],[4.138,4.138],[2.566,-2.565],[0,0],[-2.588,-2.588],[5.904,0],[0,0],[0,-3.721],[0,0],[-3.72,0],[4.244,-4.243],[-2.664,-2.664],[0,0],[-2.641,2.64],[0,0],[0,-5.928],[-3.674,0],[0,0],[0,3.72],[-4.244,-4.243],[-2.663,2.664],[0,0],[2.641,2.641],[0,0],[-5.928,0],[0,3.675],[0,0],[3.675,0],[-4.138,4.138],[2.566,2.565],[0,0],[2.588,-2.588],[0,5.904]],"o":[[0,-3.72],[0,0],[-3.674,0],[0,5.852],[-2.565,-2.565],[0,0],[-2.588,2.588],[4.175,4.175],[0,0],[-3.72,0],[0,0],[0,3.72],[6.002,0],[-2.664,2.664],[0,0],[2.641,2.64],[0,0],[4.191,-4.192],[0,3.674],[0,0],[3.72,0],[0,-6.002],[2.664,2.664],[0,0],[2.641,-2.641],[0,0],[-4.191,-4.191],[3.674,0],[0,0],[0,-3.675],[-5.852,0],[2.566,-2.565],[0,0],[-2.588,-2.588],[-4.175,4.175],[0,0]],"v":[[10,-40.264],[3.264,-47],[-3.347,-47],[-10,-40.287],[-21.213,-35.498],[-30.503,-35.498],[-35.314,-30.687],[-35.314,-21.314],[-40,-10],[-40.264,-10],[-47,-3.264],[-47,3.263],[-40.264,10],[-35.602,21.601],[-35.645,31.291],[-31.108,35.828],[-21.544,35.828],[-21.358,35.642],[-10,40.347],[-3.347,47],[3.264,47],[10,40.263],[21.602,35.601],[31.291,35.644],[35.828,31.107],[35.828,21.544],[35.642,21.357],[40.347,10],[47,3.346],[47,-3.347],[40.286,-10],[35.497,-21.214],[35.497,-30.503],[30.686,-35.314],[21.314,-35.314],[10,-40]],"c":true}]}],"ix":2},"nm":"Path 1","mn":"ADBE Vector Shape - Group","hd":false},{"ty":"st","c":{"a":0,"k":[0.121568634931,0.121568634931,0.121568634931,1],"ix":3},"o":{"a":0,"k":100,"ix":4},"w":{"a":0,"k":7,"ix":5},"lc":1,"lj":2,"bm":0,"nm":"Stroke 1","mn":"ADBE Vector Graphic - Stroke","hd":false},{"ty":"tr","p":{"a":0,"k":[54,54],"ix":2},"a":{"a":0,"k":[0,0],"ix":1},"s":{"a":0,"k":[100,100],"ix":3},"r":{"a":0,"k":0,"ix":6},"o":{"a":0,"k":100,"ix":7},"sk":{"a":0,"k":0,"ix":4},"sa":{"a":0,"k":0,"ix":5},"nm":"Transform"}],"nm":"Group 1","np":2,"cix":2,"bm":0,"ix":1,"mn":"ADBE Vector Group","hd":false}],"ip":0,"op":241,"st":0,"ct":1,"bm":0}],"markers":[],"props":{}}