{"v":"5.12.1","fr":60,"ip":0,"op":60,"w":500,"h":500,"nm":"system-regular-64-shopping-bag","ddd":0,"assets":[{"id":"comp_1","nm":"hover-shopping-bag-1","fr":60,"layers":[{"ddd":0,"ind":1,"ty":4,"nm":".primary.design","cl":"primary design","sr":1,"ks":{"o":{"a":0,"k":100,"ix":11},"r":{"a":0,"k":0,"ix":10},"p":{"a":0,"k":[250,250,0],"ix":2,"l":2},"a":{"a":0,"k":[0,0,0],"ix":1,"l":2},"s":{"a":0,"k":[100,100,100],"ix":6,"l":2}},"ao":0,"shapes":[{"ty":"gr","it":[{"ind":0,"ty":"sh","ix":1,"ks":{"a":0,"k":{"i":[[0.58,-0.689],[2.1,0],[0,0],[0.58,0.69],[-0.36,2.069],[0,0],[-2.526,0],[0,0],[0,0],[-8.644,0],[0,8.643],[0,0],[0,0],[0,0],[-8.644,0],[0,8.643],[0,0],[0,0],[-0.433,-2.489],[0,0]],"o":[[-0.58,0.69],[0,0],[-2.101,0],[-0.58,-0.69],[0,0],[0.433,-2.488],[0,0],[0,0],[0,8.643],[8.644,0],[0,0],[0,0],[0,0],[0,8.643],[8.644,0],[0,0],[0,0],[2.526,0],[0,0],[0.36,2.069]],"v":[[151.07,154.376],[147.104,156.223],[-147.107,156.223],[-151.075,154.376],[-152.214,150.152],[-117.794,-47.765],[-112.688,-52.06],[-83.361,-52.06],[-83.361,5.211],[-67.711,20.861],[-52.061,5.211],[-52.061,-52.06],[52.056,-52.06],[52.056,5.211],[67.706,20.861],[83.356,5.211],[83.356,-52.06],[112.683,-52.06],[117.789,-47.765],[152.21,150.152]],"c":true},"ix":2},"nm":"Path 1","mn":"ADBE Vector Shape - Group","hd":false},{"ind":1,"ty":"sh","ix":2,"ks":{"a":0,"k":{"i":[[0,0],[-28.705,0],[0,-28.705],[0,0],[0,0]],"o":[[0,-28.705],[28.705,0],[0,0],[0,0],[0,0]],"v":[[-52.061,-104.165],[-0.002,-156.224],[52.056,-104.165],[52.056,-83.36],[-52.061,-83.36]],"c":true},"ix":2},"nm":"Path 2","mn":"ADBE Vector Shape - Group","hd":false},{"ind":2,"ty":"sh","ix":3,"ks":{"a":0,"k":{"i":[[1.85,10.636],[0,0],[17.781,0],[0,0],[0,0],[45.964,0],[0,-45.964],[0,0],[0,0],[3.047,-17.518],[0,0],[-6.948,-8.262],[-10.796,0],[0,0],[-6.948,8.262]],"o":[[0,0],[-3.047,-17.518],[0,0],[0,0],[0,-45.964],[-45.964,0],[0,0],[0,0],[-17.781,0],[0,0],[-1.851,10.635],[6.949,8.262],[0,0],[10.795,0],[6.949,-8.261]],"v":[[183.048,144.789],[148.627,-53.127],[112.683,-83.36],[83.356,-83.36],[83.356,-104.165],[-0.003,-187.524],[-83.361,-104.165],[-83.361,-83.36],[-112.688,-83.36],[-148.632,-53.128],[-183.051,144.788],[-175.029,174.523],[-147.107,187.523],[147.104,187.523],[175.023,174.524]],"c":true},"ix":2},"nm":"Path 3","mn":"ADBE Vector Shape - Group","hd":false},{"ty":"fl","c":{"a":0,"k":[0.071,0.075,0.192,1],"ix":4,"x":"var $bm_rt;\n$bm_rt = comp('system-regular-64-shopping-bag').layer('control').effect('primary')('Color');"},"o":{"a":0,"k":100,"ix":5},"r":1,"bm":0,"nm":".primary","mn":"ADBE Vector Graphic - Fill","hd":false,"cl":"primary"},{"ty":"tr","p":{"a":0,"k":[0,0],"ix":2},"a":{"a":0,"k":[0,0],"ix":1},"s":{"a":0,"k":[100,100],"ix":3},"r":{"a":0,"k":0,"ix":6},"o":{"a":0,"k":100,"ix":7},"sk":{"a":0,"k":0,"ix":4},"sa":{"a":0,"k":0,"ix":5},"nm":"Transform"}],"nm":"Group 1","np":4,"cix":2,"bm":0,"ix":1,"mn":"ADBE Vector Group","hd":false}],"ip":60,"op":300,"st":0,"ct":1,"bm":0},{"ddd":0,"ind":2,"ty":4,"nm":".primary.design","cl":"primary design","sr":1,"ks":{"o":{"a":0,"k":100,"ix":11},"r":{"a":0,"k":0,"ix":10},"p":{"a":0,"k":[250,250,0],"ix":2,"l":2},"a":{"a":0,"k":[0,0,0],"ix":1,"l":2},"s":{"a":0,"k":[100,100,100],"ix":6,"l":2}},"ao":0,"shapes":[{"ty":"gr","it":[{"ind":0,"ty":"sh","ix":1,"ks":{"a":0,"k":{"i":[[0.58,-0.689],[2.1,0],[0,0],[0.58,0.69],[-0.36,2.069],[0,0],[-2.526,0],[0,0],[0,0],[-8.644,0],[0,8.643],[0,0],[0,0],[0,0],[-8.644,0],[0,8.643],[0,0],[0,0],[-0.433,-2.489],[0,0]],"o":[[-0.58,0.69],[0,0],[-2.101,0],[-0.58,-0.69],[0,0],[0.433,-2.488],[0,0],[0,0],[0,8.643],[8.644,0],[0,0],[0,0],[0,0],[0,8.643],[8.644,0],[0,0],[0,0],[2.526,0],[0,0],[0.36,2.069]],"v":[[151.07,154.376],[147.104,156.223],[-147.107,156.223],[-151.075,154.376],[-152.214,150.152],[-117.794,-47.765],[-112.688,-52.06],[-83.361,-52.06],[-83.361,5.211],[-67.711,20.861],[-52.061,5.211],[-52.061,-52.06],[52.056,-52.06],[52.056,5.211],[67.706,20.861],[83.356,5.211],[83.356,-52.06],[112.683,-52.06],[117.789,-47.765],[152.21,150.152]],"c":true},"ix":2},"nm":"Path 1","mn":"ADBE Vector Shape - Group","hd":false},{"ind":1,"ty":"sh","ix":2,"ks":{"a":0,"k":{"i":[[0,0],[-28.705,0],[0,-28.705],[0,0],[0,0]],"o":[[0,-28.705],[28.705,0],[0,0],[0,0],[0,0]],"v":[[-52.061,-104.165],[-0.002,-156.224],[52.056,-104.165],[52.056,-83.36],[-52.061,-83.36]],"c":true},"ix":2},"nm":"Path 2","mn":"ADBE Vector Shape - Group","hd":false},{"ind":2,"ty":"sh","ix":3,"ks":{"a":0,"k":{"i":[[1.85,10.636],[0,0],[17.781,0],[0,0],[0,0],[45.964,0],[0,-45.964],[0,0],[0,0],[3.047,-17.518],[0,0],[-6.948,-8.262],[-10.796,0],[0,0],[-6.948,8.262]],"o":[[0,0],[-3.047,-17.518],[0,0],[0,0],[0,-45.964],[-45.964,0],[0,0],[0,0],[-17.781,0],[0,0],[-1.851,10.635],[6.949,8.262],[0,0],[10.795,0],[6.949,-8.261]],"v":[[183.048,144.789],[148.627,-53.127],[112.683,-83.36],[83.356,-83.36],[83.356,-104.165],[-0.003,-187.524],[-83.361,-104.165],[-83.361,-83.36],[-112.688,-83.36],[-148.632,-53.128],[-183.051,144.788],[-175.029,174.523],[-147.107,187.523],[147.104,187.523],[175.023,174.524]],"c":true},"ix":2},"nm":"Path 3","mn":"ADBE Vector Shape - Group","hd":false},{"ty":"fl","c":{"a":0,"k":[0.071,0.075,0.192,1],"ix":4,"x":"var $bm_rt;\n$bm_rt = comp('system-regular-64-shopping-bag').layer('control').effect('primary')('Color');"},"o":{"a":0,"k":100,"ix":5},"r":1,"bm":0,"nm":".primary","mn":"ADBE Vector Graphic - Fill","hd":false,"cl":"primary"},{"ty":"tr","p":{"a":0,"k":[0,0],"ix":2},"a":{"a":0,"k":[0,0],"ix":1},"s":{"a":0,"k":[100,100],"ix":3},"r":{"a":0,"k":0,"ix":6},"o":{"a":0,"k":100,"ix":7},"sk":{"a":0,"k":0,"ix":4},"sa":{"a":0,"k":0,"ix":5},"nm":"Transform"}],"nm":"Group 1","np":4,"cix":2,"bm":0,"ix":1,"mn":"ADBE Vector Group","hd":false}],"ip":0,"op":1,"st":0,"ct":1,"bm":0},{"ddd":0,"ind":3,"ty":4,"nm":".primary.design","cl":"primary design","sr":1,"ks":{"o":{"a":0,"k":100,"ix":11},"r":{"a":1,"k":[{"i":{"x":[0.281],"y":[1]},"o":{"x":[0.333],"y":[0]},"t":1,"s":[0]},{"i":{"x":[0.295],"y":[1]},"o":{"x":[0.333],"y":[0]},"t":14.051,"s":[14]},{"i":{"x":[0.667],"y":[1]},"o":{"x":[0.569],"y":[0]},"t":32.695,"s":[-15]},{"i":{"x":[0.667],"y":[1]},"o":{"x":[0.333],"y":[0]},"t":48.543,"s":[3]},{"t":56,"s":[0]}],"ix":10},"p":{"a":1,"k":[{"i":{"x":0.298,"y":1},"o":{"x":0.333,"y":0},"t":1,"s":[249,144,0],"to":[0,-5,0],"ti":[0,-5,0]},{"i":{"x":0.306,"y":1},"o":{"x":0.333,"y":0},"t":9.391,"s":[249,114,0],"to":[0,5,0],"ti":[0,-5,0]},{"i":{"x":0.468,"y":1},"o":{"x":0.53,"y":0},"t":25.549,"s":[249,174,0],"to":[0,5,0],"ti":[0,5,0]},{"t":45.74609375,"s":[249,144,0]}],"ix":2,"l":2},"a":{"a":0,"k":[-0.998,-22.669,0],"ix":1,"l":2},"s":{"a":0,"k":[100,100,100],"ix":6,"l":2}},"ao":0,"shapes":[{"ty":"gr","it":[{"ind":0,"ty":"sh","ix":1,"ks":{"a":0,"k":{"i":[[0,0],[0,0],[-37.394,0],[0,0],[0,-37.394],[0,0]],"o":[[0,0],[0,-37.394],[0,0],[37.394,0],[0,0],[0,0]],"v":[[-67.708,88.542],[-67.708,-20.834],[0,-88.542],[0,-88.542],[67.708,-20.834],[67.708,88.542]],"c":false},"ix":2},"nm":"Path 1","mn":"ADBE Vector Shape - Group","hd":false},{"ty":"st","c":{"a":0,"k":[0.071,0.075,0.192,1],"ix":3,"x":"var $bm_rt;\n$bm_rt = comp('system-regular-64-shopping-bag').layer('control').effect('primary')('Color');"},"o":{"a":0,"k":100,"ix":4},"w":{"a":0,"k":31.3,"ix":5},"lc":2,"lj":2,"bm":0,"nm":".primary","mn":"ADBE Vector Graphic - Stroke","hd":false,"cl":"primary"},{"ty":"tr","p":{"a":0,"k":[0,0],"ix":2},"a":{"a":0,"k":[0,0],"ix":1},"s":{"a":0,"k":[100,100],"ix":3},"r":{"a":0,"k":0,"ix":6},"o":{"a":0,"k":100,"ix":7},"sk":{"a":0,"k":0,"ix":4},"sa":{"a":0,"k":0,"ix":5},"nm":"Transform"}],"nm":"Group 1","np":2,"cix":2,"bm":0,"ix":1,"mn":"ADBE Vector Group","hd":false}],"ip":1,"op":60,"st":0,"ct":1,"bm":0},{"ddd":0,"ind":4,"ty":4,"nm":".primary.design","cl":"primary design","parent":3,"sr":1,"ks":{"o":{"a":0,"k":100,"ix":11},"r":{"a":0,"k":0,"ix":10},"p":{"a":0,"k":[0,15.621,0],"ix":2,"l":2},"a":{"a":0,"k":[0,-119.792,0],"ix":1,"l":2},"s":{"a":0,"k":[100,100,100],"ix":6,"l":2}},"ao":0,"shapes":[{"ty":"gr","it":[{"ind":0,"ty":"sh","ix":1,"ks":{"a":1,"k":[{"i":{"x":0.667,"y":1},"o":{"x":0.333,"y":0},"t":1,"s":[{"i":[[12.933,0],[48.022,0],[0,0],[-2.216,12.742],[-7.554,43.435],[0,0],[-10.129,0],[0,0],[-1.735,-9.979],[-3.786,-21.769],[0,0]],"o":[[0,0],[-50.048,0],[-12.933,0],[0,0],[3.92,-22.537],[1.735,-9.979],[0,0],[10.129,0],[0,0],[7.688,44.203],[2.216,12.742]],"v":[[147.106,119.792],[3.039,119.792],[-147.106,119.792],[-167.631,95.389],[-144.969,-34.916],[-133.211,-102.528],[-112.685,-119.792],[112.685,-119.792],[133.211,-102.528],[144.568,-37.222],[167.631,95.389]],"c":true}]},{"i":{"x":0.667,"y":1},"o":{"x":0.333,"y":0},"t":14.945,"s":[{"i":[[12.356,3.82],[60.815,14.548],[0,0],[-4.277,12.206],[-15.647,44.755],[0,0],[-10.129,0],[0,0],[-1.735,-9.979],[-2.939,-21.899],[0,0]],"o":[[0,0],[-48.675,-11.644],[-14.588,-5.511],[0,0],[7.549,-21.594],[1.735,-9.979],[0,0],[10.129,0],[0,0],[10.819,80.61],[-1.425,16.361]],"v":[[102.76,154.13],[-33.065,128.683],[-161.357,92.345],[-180.992,59.567],[-144.969,-34.916],[-133.211,-102.528],[-112.685,-119.792],[112.685,-119.792],[133.211,-102.528],[144.568,-37.222],[131.761,137.365]],"c":true}]},{"i":{"x":0.667,"y":1},"o":{"x":0.333,"y":0},"t":35.328,"s":[{"i":[[12.801,-1.845],[80.619,-10.969],[0,0],[-0.376,12.928],[-11.128,92.602],[0,0],[-10.129,0],[0,0],[-1.735,-9.979],[-3.786,-21.769],[0,0]],"o":[[0,0],[-49.591,6.748],[-12.801,1.845],[0,0],[2.729,-22.712],[1.735,-9.979],[0,0],[10.129,0],[0,0],[7.688,44.203],[4.011,12.296]],"v":[[159.302,95.27],[33.509,126.534],[-118.757,134.55],[-142.553,113.325],[-144.969,-34.916],[-133.211,-102.528],[-112.685,-119.792],[112.685,-119.792],[133.211,-102.528],[144.568,-37.222],[176.136,68.188]],"c":true}]},{"i":{"x":0.667,"y":1},"o":{"x":0.333,"y":0},"t":52.49,"s":[{"i":[[12.604,2.183],[55.333,8.313],[0,0],[-3.394,12.436],[-12.178,44.189],[0,0],[-10.129,0],[0,0],[-1.735,-9.979],[-3.302,-21.843],[0,0]],"o":[[0,0],[-49.263,-6.654],[-13.879,-3.149],[0,0],[5.994,-21.998],[1.735,-9.979],[0,0],[10.129,0],[0,0],[9.477,65.007],[0.135,14.81]],"v":[[121.766,139.413],[-17.592,124.873],[-155.249,104.108],[-175.266,74.919],[-144.969,-34.916],[-133.211,-102.528],[-112.685,-119.792],[112.685,-119.792],[133.211,-102.528],[144.568,-37.222],[147.134,119.375]],"c":true}]},{"t":60,"s":[{"i":[[12.933,0],[48.022,0],[0,0],[-2.216,12.742],[-7.554,43.435],[0,0],[-10.129,0],[0,0],[-1.735,-9.979],[-3.786,-21.769],[0,0]],"o":[[0,0],[-50.048,0],[-12.933,0],[0,0],[3.92,-22.537],[1.735,-9.979],[0,0],[10.129,0],[0,0],[7.688,44.203],[2.216,12.742]],"v":[[147.106,119.792],[3.039,119.792],[-147.106,119.792],[-167.631,95.389],[-144.969,-34.916],[-133.211,-102.528],[-112.685,-119.792],[112.685,-119.792],[133.211,-102.528],[144.568,-37.222],[167.631,95.389]],"c":true}]}],"ix":2},"nm":"Path 1","mn":"ADBE Vector Shape - Group","hd":false},{"ty":"st","c":{"a":0,"k":[0.071,0.075,0.192,1],"ix":3,"x":"var $bm_rt;\n$bm_rt = comp('system-regular-64-shopping-bag').layer('control').effect('primary')('Color');"},"o":{"a":0,"k":100,"ix":4},"w":{"a":0,"k":31.3,"ix":5},"lc":2,"lj":2,"bm":0,"nm":".primary","mn":"ADBE Vector Graphic - Stroke","hd":false,"cl":"primary"},{"ty":"tr","p":{"a":0,"k":[0,0],"ix":2},"a":{"a":0,"k":[0,0],"ix":1},"s":{"a":0,"k":[100,100],"ix":3},"r":{"a":0,"k":0,"ix":6},"o":{"a":0,"k":100,"ix":7},"sk":{"a":0,"k":0,"ix":4},"sa":{"a":0,"k":0,"ix":5},"nm":"Transform"}],"nm":"Group 1","np":2,"cix":2,"bm":0,"ix":1,"mn":"ADBE Vector Group","hd":false}],"ip":1,"op":60,"st":0,"ct":1,"bm":0}]}],"layers":[{"ddd":0,"ind":1,"ty":3,"nm":"control","sr":1,"ks":{"o":{"a":0,"k":0,"ix":11},"r":{"a":0,"k":0,"ix":10},"p":{"a":0,"k":[0,0],"ix":2,"l":2},"a":{"a":0,"k":[0,0,0],"ix":1,"l":2},"s":{"a":0,"k":[100,100,100],"ix":6,"l":2}},"ao":0,"ef":[{"ty":5,"nm":"primary","np":3,"mn":"ADBE Color Control","ix":1,"en":1,"ef":[{"ty":2,"nm":"Color","mn":"ADBE Color Control-0001","ix":1,"v":{"a":0,"k":[0.071,0.075,0.192],"ix":1}}]}],"ip":0,"op":341,"st":0,"bm":0},{"ddd":0,"ind":3,"ty":0,"nm":"hover-shopping-bag-1","refId":"comp_1","sr":1,"ks":{"o":{"a":0,"k":100,"ix":11},"r":{"a":0,"k":0,"ix":10},"p":{"a":0,"k":[250,250,0],"ix":2,"l":2},"a":{"a":0,"k":[250,250,0],"ix":1,"l":2},"s":{"a":0,"k":[100,100,100],"ix":6,"l":2}},"ao":0,"w":500,"h":500,"ip":0,"op":70,"st":0,"bm":0}],"markers":[{"tm":0,"cm":"default:hover-shopping-bag-1","dr":60}],"props":{}}