{"v":"5.9.0","fr":30,"ip":0,"op":60,"w":96,"h":96,"nm":"Home_01","ddd":0,"assets":[],"layers":[{"ddd":0,"ind":1,"ty":4,"nm":"Layer 2 Outlines","sr":1,"ks":{"o":{"a":0,"k":100,"ix":11},"r":{"a":0,"k":0,"ix":10},"p":{"a":1,"k":[{"i":{"x":0.833,"y":0.833},"o":{"x":0.167,"y":0.167},"t":0,"s":[48,48,0],"to":[0,0,0],"ti":[0,0,0]},{"i":{"x":0.667,"y":1},"o":{"x":0.167,"y":0.167},"t":15,"s":[48,48,0],"to":[0,-1.125,0],"ti":[0,-5.5,0]},{"i":{"x":0.587,"y":1},"o":{"x":0.333,"y":0},"t":17,"s":[48,41.25,0],"to":[0,5.5,0],"ti":[0,-6.625,0]},{"i":{"x":0,"y":0},"o":{"x":0.333,"y":0.333},"t":20,"s":[48,81,0],"to":[0,0,0],"ti":[0,0,0]},{"i":{"x":0.667,"y":1},"o":{"x":0.333,"y":0},"t":40,"s":[48,81,0],"to":[0,-6.625,0],"ti":[0,5.5,0]},{"i":{"x":0.833,"y":0.833},"o":{"x":0.167,"y":0},"t":45,"s":[48,41.25,0],"to":[0,-5.5,0],"ti":[0,-1.125,0]},{"t":50,"s":[48,48,0]}],"ix":2,"l":2},"a":{"a":0,"k":[48,48,0],"ix":1,"l":2},"s":{"a":0,"k":[100,100,100],"ix":6,"l":2}},"ao":0,"shapes":[{"ty":"gr","it":[{"ind":0,"ty":"sh","ix":1,"ks":{"a":0,"k":{"i":[[0,0],[0,0]],"o":[[0,0],[0,0]],"v":[[35.005,73.206],[60.996,73.206]],"c":false},"ix":2},"nm":"Path 1","mn":"ADBE Vector Shape - Group","hd":false},{"ty":"st","c":{"a":0,"k":[0.03137254902,0.054901964524,0.117647066303,1],"ix":3},"o":{"a":0,"k":100,"ix":4},"w":{"a":0,"k":6,"ix":5},"lc":2,"lj":2,"bm":0,"nm":"Stroke 1","mn":"ADBE Vector Graphic - Stroke","hd":false},{"ty":"tr","p":{"a":0,"k":[0,0],"ix":2},"a":{"a":0,"k":[0,0],"ix":1},"s":{"a":0,"k":[100,100],"ix":3},"r":{"a":0,"k":0,"ix":6},"o":{"a":0,"k":100,"ix":7},"sk":{"a":0,"k":0,"ix":4},"sa":{"a":0,"k":0,"ix":5},"nm":"Transform"}],"nm":"Group 1","np":2,"cix":2,"bm":0,"ix":1,"mn":"ADBE Vector Group","hd":false}],"ip":0,"op":60,"st":0,"bm":0},{"ddd":0,"ind":2,"ty":4,"nm":"Layer 1 Outlines","sr":1,"ks":{"o":{"a":0,"k":100,"ix":11},"r":{"a":0,"k":0,"ix":10},"p":{"a":0,"k":[48,48,0],"ix":2,"l":2},"a":{"a":0,"k":[48,48,0],"ix":1,"l":2},"s":{"a":0,"k":[100,100,100],"ix":6,"l":2}},"ao":0,"shapes":[{"ty":"gr","it":[{"ind":0,"ty":"sh","ix":1,"ks":{"a":1,"k":[{"i":{"x":0.667,"y":1},"o":{"x":0.167,"y":0.167},"t":17,"s":[{"i":[[8.837,0],[0,0],[0,8.837],[0,0],[-5.018,2.839],[0,0],[-5.526,-3.917],[0,0],[0,-5.749],[0,0]],"o":[[0,0],[-8.837,0],[0,0],[0,-5.766],[0,0],[5.54,-3.898],[0,0],[4.995,2.846],[0,0],[0,8.837]],"v":[[21,37.698],[-21,37.698],[-37,21.698],[-37,-5.963],[-28.879,-19.888],[-9.109,-33.8],[9.351,-33.768],[28.921,-19.897],[37,-5.995],[37,21.698]],"c":true}]},{"i":{"x":0.667,"y":1},"o":{"x":0.333,"y":0},"t":25,"s":[{"i":[[8.837,0],[0,0],[0,8.837],[0,0],[-5.018,2.839],[0,0],[-6.788,-0.209],[0,0],[0,-5.749],[0,0]],"o":[[0,0],[-8.837,0],[0,0],[0,-5.766],[0,0],[7.359,-0.083],[0,0],[4.995,2.846],[0,0],[0,8.837]],"v":[[21,37.698],[-21,37.698],[-37,21.698],[-37,-5.963],[-28.879,-19.888],[-10.578,-19.881],[7.882,-19.849],[28.921,-19.897],[37,-5.995],[37,21.698]],"c":true}]},{"i":{"x":0.667,"y":1},"o":{"x":0.333,"y":0},"t":45,"s":[{"i":[[8.837,0],[0,0],[0,8.837],[0,0],[-5.018,2.839],[0,0],[-6.788,-0.209],[0,0],[0,-5.749],[0,0]],"o":[[0,0],[-8.837,0],[0,0],[0,-5.766],[0,0],[7.359,-0.083],[0,0],[4.995,2.846],[0,0],[0,8.837]],"v":[[21,37.698],[-21,37.698],[-37,21.698],[-37,-5.963],[-28.879,-19.888],[-10.578,-19.881],[7.882,-19.849],[28.921,-19.897],[37,-5.995],[37,21.698]],"c":true}]},{"i":{"x":0.667,"y":1},"o":{"x":0.167,"y":0},"t":50,"s":[{"i":[[8.837,0],[0,0],[0,8.837],[0,0],[-5.018,2.839],[0,0],[-5.526,-3.917],[0,0],[0,-5.749],[0,0]],"o":[[0,0],[-8.837,0],[0,0],[0,-5.766],[0,0],[5.54,-3.898],[0,0],[4.995,2.846],[0,0],[0,8.837]],"v":[[21,37.698],[-21,37.698],[-37,21.698],[-37,-5.963],[-28.958,-23.138],[-9.188,-37.05],[9.272,-37.018],[28.842,-23.147],[37,-5.995],[37,21.698]],"c":true}]},{"t":55,"s":[{"i":[[8.837,0],[0,0],[0,8.837],[0,0],[-5.018,2.839],[0,0],[-5.526,-3.917],[0,0],[0,-5.749],[0,0]],"o":[[0,0],[-8.837,0],[0,0],[0,-5.766],[0,0],[5.54,-3.898],[0,0],[4.995,2.846],[0,0],[0,8.837]],"v":[[21,37.698],[-21,37.698],[-37,21.698],[-37,-5.963],[-28.879,-19.888],[-9.109,-33.8],[9.351,-33.768],[28.921,-19.897],[37,-5.995],[37,21.698]],"c":true}]}],"ix":2},"nm":"Path 1","mn":"ADBE Vector Shape - Group","hd":false},{"ty":"st","c":{"a":0,"k":[0.03137254902,0.054901964524,0.117647066303,1],"ix":3},"o":{"a":0,"k":100,"ix":4},"w":{"a":0,"k":6,"ix":5},"lc":2,"lj":2,"bm":0,"nm":"Stroke 1","mn":"ADBE Vector Graphic - Stroke","hd":false},{"ty":"tr","p":{"a":0,"k":[48,47.508],"ix":2},"a":{"a":0,"k":[0,0],"ix":1},"s":{"a":0,"k":[100,100],"ix":3},"r":{"a":0,"k":0,"ix":6},"o":{"a":0,"k":100,"ix":7},"sk":{"a":0,"k":0,"ix":4},"sa":{"a":0,"k":0,"ix":5},"nm":"Transform"}],"nm":"Group 1","np":2,"cix":2,"bm":0,"ix":1,"mn":"ADBE Vector Group","hd":false},{"ty":"tm","s":{"a":0,"k":0,"ix":1},"e":{"a":0,"k":100,"ix":2},"o":{"a":0,"k":33,"ix":3},"m":1,"ix":2,"nm":"Trim Paths 1","mn":"ADBE Vector Filter - Trim","hd":false}],"ip":0,"op":60,"st":0,"bm":0}],"markers":[]}