{"v":"5.12.1","fr":60,"ip":0,"op":40,"w":500,"h":500,"nm":"system-regular-48-favorite-heart","ddd":0,"assets":[{"id":"comp_1","nm":"hover-heart-1","fr":60,"layers":[{"ddd":0,"ind":1,"ty":4,"nm":".primary.design","cl":"primary design","sr":1,"ks":{"o":{"a":0,"k":100,"ix":11},"r":{"a":0,"k":0,"ix":10},"p":{"a":0,"k":[250,260,0],"ix":2,"l":2},"a":{"a":0,"k":[0,0,0],"ix":1,"l":2},"s":{"a":1,"k":[{"i":{"x":[0.667,0.667,0.667],"y":[1,1,1]},"o":{"x":[0.333,0.333,0.333],"y":[0,0,0]},"t":1,"s":[100,100,100]},{"i":{"x":[0.667,0.667,0.667],"y":[1,1,1]},"o":{"x":[0.333,0.333,0.333],"y":[0,0,0]},"t":10,"s":[85,85,100]},{"i":{"x":[0.667,0.667,0.667],"y":[1,1,1]},"o":{"x":[0.333,0.333,0.333],"y":[0,0,0]},"t":19,"s":[127,127,100]},{"i":{"x":[0.667,0.667,0.667],"y":[1,1,1]},"o":{"x":[0.333,0.333,0.333],"y":[0,0,0]},"t":30,"s":[85,85,100]},{"t":39,"s":[100,100,100]}],"ix":6,"l":2}},"ao":0,"shapes":[{"ty":"gr","it":[{"ind":0,"ty":"sh","ix":1,"ks":{"a":0,"k":{"i":[[33.519,33.53],[33.516,-33.531],[4.298,-11.178],[0,0],[3.866,9.672],[8.809,8.812],[0,0],[33.302,-33.316],[-33.089,-33.53],[0,0],[0,0]],"o":[[-33.519,-33.531],[-9.026,9.027],[-3.652,9.672],[0,0],[-3.871,-11.178],[0,0],[-33.519,-33.1],[-33.305,33.315],[0,0],[0,0],[33.519,-33.53]],"v":[[146.737,-125.679],[25.126,-125.679],[5.358,-94.942],[0.002,-82.265],[-5.598,-94.942],[-24.722,-125.249],[-25.582,-126.11],[-146.762,-125.679],[-147.192,0.922],[0.002,150.827],[146.737,1.35]],"c":true},"ix":2},"nm":"Path 1","mn":"ADBE Vector Shape - Group","hd":false},{"ty":"st","c":{"a":0,"k":[0.071,0.075,0.192,1],"ix":3,"x":"var $bm_rt;\n$bm_rt = comp('system-regular-48-favorite-heart').layer('control').effect('primary')('Color');"},"o":{"a":0,"k":100,"ix":4},"w":{"a":0,"k":31.3,"ix":5},"lc":2,"lj":2,"bm":0,"nm":".primary","mn":"ADBE Vector Graphic - Stroke","hd":false,"cl":"primary"},{"ty":"tr","p":{"a":0,"k":[0,0],"ix":2},"a":{"a":0,"k":[0,0],"ix":1},"s":{"a":0,"k":[100,100],"ix":3},"r":{"a":0,"k":0,"ix":6},"o":{"a":0,"k":100,"ix":7},"sk":{"a":0,"k":0,"ix":4},"sa":{"a":0,"k":0,"ix":5},"nm":"Transform"}],"nm":"Group 1","np":2,"cix":2,"bm":0,"ix":1,"mn":"ADBE Vector Group","hd":false}],"ip":1,"op":40,"st":0,"ct":1,"bm":0},{"ddd":0,"ind":2,"ty":4,"nm":".primary.design","cl":"primary design","sr":1,"ks":{"o":{"a":0,"k":100,"ix":11},"r":{"a":0,"k":0,"ix":10},"p":{"a":0,"k":[249.963,260.625,0],"ix":2,"l":2},"a":{"a":0,"k":[0,0,0],"ix":1,"l":2},"s":{"a":0,"k":[2083,2083,100],"ix":6,"l":2}},"ao":0,"shapes":[{"ty":"gr","it":[{"ind":0,"ty":"sh","ix":1,"ks":{"a":0,"k":{"i":[[1.32,-1.31],[0,0.01],[0,0],[0,0],[-1.31,1.31],[-0.86,0],[-0.68,-0.67],[-0.16,-0.47],[0,0],[-0.26,0],[-0.13,0.22],[-0.21,0.54],[-0.34,0.34],[-1.28,-1.27]],"o":[[0,0.01],[0,0],[0,0],[-1.3,-1.32],[0.65,-0.66],[0.87,0],[0.34,0.34],[0.21,0.54],[0.14,0.23],[0.26,0],[0,0],[0.18,-0.47],[1.27,-1.27],[1.31,1.32]],"v":[[6.512,-0.47],[6.512,-0.47],[0.002,6.17],[-6.528,-0.48],[-6.508,-5.5],[-4.138,-6.48],[-1.718,-5.48],[-0.968,-4.28],[-0.648,-3.58],[0.002,-3.21],[0.652,-3.57],[0.962,-4.28],[1.742,-5.5],[6.522,-5.5]],"c":true},"ix":2},"nm":"Path 1","mn":"ADBE Vector Shape - Group","hd":false},{"ind":1,"ty":"sh","ix":2,"ks":{"a":0,"k":{"i":[[1.31,0],[0.92,-0.92],[0.2,-0.3],[0.28,0.28],[1.89,-1.89],[-1.88,-1.9],[0,0],[-0.21,0],[-0.15,0.14],[0,0],[1.9,1.91]],"o":[[-1.3,0],[-0.25,0.25],[-0.19,-0.3],[-1.9,-1.87],[-1.89,1.89],[0,0],[0.14,0.14],[0.21,0],[0,0],[1.9,-1.91],[-0.93,-0.92]],"v":[[4.122,-7.99],[0.672,-6.56],[0.002,-5.72],[-0.698,-6.59],[-7.578,-6.56],[-7.608,0.57],[-0.538,7.77],[0.002,7.99],[0.542,7.77],[7.582,0.6],[7.582,-6.56]],"c":true},"ix":2},"nm":"Path 2","mn":"ADBE Vector Shape - Group","hd":false},{"ty":"fl","c":{"a":0,"k":[0.071,0.075,0.192,1],"ix":4,"x":"var $bm_rt;\n$bm_rt = comp('system-regular-48-favorite-heart').layer('control').effect('primary')('Color');"},"o":{"a":0,"k":100,"ix":5},"r":1,"bm":0,"nm":".primary","mn":"ADBE Vector Graphic - Fill","hd":false,"cl":"primary"},{"ty":"tr","p":{"a":0,"k":[0,0],"ix":2},"a":{"a":0,"k":[0,0],"ix":1},"s":{"a":0,"k":[100,100],"ix":3},"r":{"a":0,"k":0,"ix":6},"o":{"a":0,"k":100,"ix":7},"sk":{"a":0,"k":0,"ix":4},"sa":{"a":0,"k":0,"ix":5},"nm":"Transform"}],"nm":"Group 1","np":3,"cix":2,"bm":0,"ix":1,"mn":"ADBE Vector Group","hd":false}],"ip":40,"op":332,"st":32,"ct":1,"bm":0},{"ddd":0,"ind":3,"ty":4,"nm":".primary.design","cl":"primary design","sr":1,"ks":{"o":{"a":0,"k":100,"ix":11},"r":{"a":0,"k":0,"ix":10},"p":{"a":0,"k":[249.963,260.625,0],"ix":2,"l":2},"a":{"a":0,"k":[0,0,0],"ix":1,"l":2},"s":{"a":0,"k":[2083,2083,100],"ix":6,"l":2}},"ao":0,"shapes":[{"ty":"gr","it":[{"ind":0,"ty":"sh","ix":1,"ks":{"a":0,"k":{"i":[[1.32,-1.31],[0,0.01],[0,0],[0,0],[-1.31,1.31],[-0.86,0],[-0.68,-0.67],[-0.16,-0.47],[0,0],[-0.26,0],[-0.13,0.22],[-0.21,0.54],[-0.34,0.34],[-1.28,-1.27]],"o":[[0,0.01],[0,0],[0,0],[-1.3,-1.32],[0.65,-0.66],[0.87,0],[0.34,0.34],[0.21,0.54],[0.14,0.23],[0.26,0],[0,0],[0.18,-0.47],[1.27,-1.27],[1.31,1.32]],"v":[[6.512,-0.47],[6.512,-0.47],[0.002,6.17],[-6.528,-0.48],[-6.508,-5.5],[-4.138,-6.48],[-1.718,-5.48],[-0.968,-4.28],[-0.648,-3.58],[0.002,-3.21],[0.652,-3.57],[0.962,-4.28],[1.742,-5.5],[6.522,-5.5]],"c":true},"ix":2},"nm":"Path 1","mn":"ADBE Vector Shape - Group","hd":false},{"ind":1,"ty":"sh","ix":2,"ks":{"a":0,"k":{"i":[[1.31,0],[0.92,-0.92],[0.2,-0.3],[0.28,0.28],[1.89,-1.89],[-1.88,-1.9],[0,0],[-0.21,0],[-0.15,0.14],[0,0],[1.9,1.91]],"o":[[-1.3,0],[-0.25,0.25],[-0.19,-0.3],[-1.9,-1.87],[-1.89,1.89],[0,0],[0.14,0.14],[0.21,0],[0,0],[1.9,-1.91],[-0.93,-0.92]],"v":[[4.122,-7.99],[0.672,-6.56],[0.002,-5.72],[-0.698,-6.59],[-7.578,-6.56],[-7.608,0.57],[-0.538,7.77],[0.002,7.99],[0.542,7.77],[7.582,0.6],[7.582,-6.56]],"c":true},"ix":2},"nm":"Path 2","mn":"ADBE Vector Shape - Group","hd":false},{"ty":"fl","c":{"a":0,"k":[0.071,0.075,0.192,1],"ix":4,"x":"var $bm_rt;\n$bm_rt = comp('system-regular-48-favorite-heart').layer('control').effect('primary')('Color');"},"o":{"a":0,"k":100,"ix":5},"r":1,"bm":0,"nm":".primary","mn":"ADBE Vector Graphic - Fill","hd":false,"cl":"primary"},{"ty":"tr","p":{"a":0,"k":[0,0],"ix":2},"a":{"a":0,"k":[0,0],"ix":1},"s":{"a":0,"k":[100,100],"ix":3},"r":{"a":0,"k":0,"ix":6},"o":{"a":0,"k":100,"ix":7},"sk":{"a":0,"k":0,"ix":4},"sa":{"a":0,"k":0,"ix":5},"nm":"Transform"}],"nm":"Group 1","np":3,"cix":2,"bm":0,"ix":1,"mn":"ADBE Vector Group","hd":false}],"ip":0,"op":1,"st":0,"ct":1,"bm":0}]}],"layers":[{"ddd":0,"ind":1,"ty":3,"nm":"control","sr":1,"ks":{"o":{"a":0,"k":0,"ix":11},"r":{"a":0,"k":0,"ix":10},"p":{"a":0,"k":[0,0],"ix":2,"l":2},"a":{"a":0,"k":[0,0,0],"ix":1,"l":2},"s":{"a":0,"k":[100,100,100],"ix":6,"l":2}},"ao":0,"ef":[{"ty":5,"nm":"primary","np":3,"mn":"ADBE Color Control","ix":1,"en":1,"ef":[{"ty":2,"nm":"Color","mn":"ADBE Color Control-0001","ix":1,"v":{"a":0,"k":[0.071,0.075,0.192],"ix":1}}]}],"ip":0,"op":141,"st":0,"bm":0},{"ddd":0,"ind":3,"ty":0,"nm":"hover-heart-1","refId":"comp_1","sr":1,"ks":{"o":{"a":0,"k":100,"ix":11},"r":{"a":0,"k":0,"ix":10},"p":{"a":0,"k":[250,250,0],"ix":2,"l":2},"a":{"a":0,"k":[250,250,0],"ix":1,"l":2},"s":{"a":0,"k":[100,100,100],"ix":6,"l":2}},"ao":0,"w":500,"h":500,"ip":0,"op":50,"st":0,"bm":0}],"markers":[{"tm":0,"cm":"default:hover-heart-1","dr":40}],"props":{}}