{"v":"5.12.1","fr":60,"ip":0,"op":60,"w":500,"h":500,"nm":"system-regular-41-home","ddd":0,"assets":[{"id":"comp_1","nm":"hover-home-2","fr":60,"layers":[{"ddd":0,"ind":1,"ty":4,"nm":".primary.design","cl":"primary design","sr":1,"ks":{"o":{"a":0,"k":100,"ix":11},"r":{"a":0,"k":0,"ix":10},"p":{"a":0,"k":[250.003,249.679,0],"ix":2,"l":2},"a":{"a":0,"k":[0,0,0],"ix":1,"l":2},"s":{"a":0,"k":[100,100,100],"ix":6,"l":2}},"ao":0,"shapes":[{"ty":"gr","it":[{"ind":0,"ty":"sh","ix":1,"ks":{"a":1,"k":[{"i":{"x":0.2,"y":1},"o":{"x":0.333,"y":0},"t":1,"s":[{"i":[[0,0],[0,0.428],[-4.021,-2.661],[0,0],[0,-10.358],[0,0],[11.347,0],[0,0]],"o":[[0,0],[4.17,0],[6.325,4.186],[2.307,1.351],[0,0],[0,11.807],[0,0],[0,0.742]],"v":[[-0.753,-172.131],[-0.504,-172.232],[11.934,-168.405],[162.878,-63.155],[171.899,-46.009],[171.879,151.446],[151.025,172.204],[150.964,171.837]],"c":false}]},{"i":{"x":0.344,"y":1},"o":{"x":0.551,"y":0},"t":30,"s":[{"i":[[0,0],[-2.162,0.084],[-2.175,-2.661],[0,0],[0,-10.358],[0,0],[6.139,0],[0,0]],"o":[[0,0],[2.256,-0.087],[3.422,4.186],[1.248,1.351],[0,0],[0,11.807],[0,0],[0,0.143]],"v":[[-102.503,-172.166],[109.719,-172.562],[116.448,-168.735],[198.116,-63.485],[202.997,-46.339],[202.986,151.116],[191.703,171.874],[-16.996,172.177]],"c":false}]},{"t":60,"s":[{"i":[[0,0],[0,0.428],[-4.021,-2.661],[0,0],[0,-10.358],[0,0],[11.347,0],[0,0]],"o":[[0,0],[4.17,0],[6.325,4.186],[2.307,1.351],[0,0],[0,11.807],[0,0],[0,0.742]],"v":[[-0.753,-172.131],[-0.504,-172.232],[11.934,-168.405],[162.878,-63.155],[171.899,-46.009],[171.879,151.446],[151.025,172.204],[150.964,171.837]],"c":false}]}],"ix":2},"nm":"Path 1","mn":"ADBE Vector Shape - Group","hd":false},{"ty":"st","c":{"a":0,"k":[0.071,0.075,0.192,1],"ix":3,"x":"var $bm_rt;\n$bm_rt = comp('system-regular-41-home').layer('control').effect('primary')('Color');"},"o":{"a":0,"k":100,"ix":4},"w":{"a":0,"k":31.3,"ix":5},"lc":2,"lj":2,"bm":0,"nm":".primary","mn":"ADBE Vector Graphic - Stroke","hd":false,"cl":"primary"},{"ty":"tr","p":{"a":0,"k":[0,0],"ix":2},"a":{"a":0,"k":[0,0],"ix":1},"s":{"a":0,"k":[100,100],"ix":3},"r":{"a":0,"k":0,"ix":6},"o":{"a":0,"k":100,"ix":7},"sk":{"a":0,"k":0,"ix":4},"sa":{"a":0,"k":0,"ix":5},"nm":"Transform"}],"nm":"Group 1","np":2,"cix":2,"bm":0,"ix":1,"mn":"ADBE Vector Group","hd":false}],"ip":1,"op":60,"st":0,"ct":1,"bm":0},{"ddd":0,"ind":2,"ty":4,"nm":".primary.design","cl":"primary design","sr":1,"ks":{"o":{"a":0,"k":100,"ix":11},"r":{"a":0,"k":0,"ix":10},"p":{"a":0,"k":[250.003,249.679,0],"ix":2,"l":2},"a":{"a":0,"k":[0,0,0],"ix":1,"l":2},"s":{"a":0,"k":[100,100,100],"ix":6,"l":2}},"ao":0,"shapes":[{"ty":"gr","it":[{"ind":0,"ty":"sh","ix":1,"ks":{"a":1,"k":[{"i":{"x":0.2,"y":1},"o":{"x":0.333,"y":0},"t":1,"s":[{"i":[[12.854,0],[0,0],[0,-14.084],[0,0],[22.986,0],[0,0],[0,11.944],[0,0],[-3.485,2.056],[-7.446,5.179],[-7.875,-5.212],[0,0],[0,-10.358],[0,0],[11.347,0],[0,0],[0,22.851],[0,0]],"o":[[0,0],[-8.424,0],[0,0],[0,23.124],[0,0],[-11.874,0],[0,0],[0,-8.653],[0,0],[7.313,-5.087],[6.325,4.186],[2.307,1.351],[0,0],[0,11.807],[0,0],[-22.627,0],[0,0],[0,-10.116]],"v":[[26.081,36.689],[-26.017,36.807],[-46.876,57.717],[-47.248,130.327],[-88.871,172.2],[-150.004,172.2],[-171.503,150.572],[-171.914,-46.089],[-162.893,-63.173],[-12.003,-168.343],[11.934,-168.405],[162.878,-63.155],[171.899,-46.009],[171.879,151.446],[151.025,172.204],[88.464,172.2],[46.841,130.508],[46.907,57.624]],"c":true}]},{"i":{"x":0.344,"y":1},"o":{"x":0.551,"y":0},"t":30,"s":[{"i":[[7.137,0],[0,0],[0,-14.084],[0,0],[12.764,0],[0,0],[0,11.944],[0,0],[-1.935,2.056],[-4.134,5.179],[-4.373,-5.212],[0,0],[0,-10.358],[0,0],[0.116,0],[0,0],[0,22.851],[0,0]],"o":[[0,0],[-4.677,0],[0,0],[0,23.124],[0,0],[-6.593,0],[0,0],[0,-8.653],[0,0],[4.061,-5.087],[3.512,4.186],[1.281,1.351],[0,0],[0,0.218],[0,0],[-12.564,0],[0,0],[0,-10.116]],"v":[[-91.972,36.689],[-120.901,36.807],[-132.483,57.717],[-132.69,130.327],[-155.802,172.2],[-189.748,172.2],[-201.686,150.572],[-201.914,-46.089],[-196.905,-63.173],[-113.119,-168.343],[-99.827,-168.405],[-16.012,-63.155],[-11.003,-46.009],[-11.014,171.821],[-11.228,172.204],[-57.332,172.2],[-80.445,130.508],[-80.408,57.624]],"c":true}]},{"t":60,"s":[{"i":[[12.854,0],[0,0],[0,-14.084],[0,0],[22.986,0],[0,0],[0,11.944],[0,0],[-3.485,2.056],[-7.446,5.179],[-7.875,-5.212],[0,0],[0,-10.358],[0,0],[11.347,0],[0,0],[0,22.851],[0,0]],"o":[[0,0],[-8.424,0],[0,0],[0,23.124],[0,0],[-11.874,0],[0,0],[0,-8.653],[0,0],[7.313,-5.087],[6.325,4.186],[2.307,1.351],[0,0],[0,11.807],[0,0],[-22.627,0],[0,0],[0,-10.116]],"v":[[26.081,36.689],[-26.017,36.807],[-46.876,57.717],[-47.248,130.327],[-88.871,172.2],[-150.004,172.2],[-171.503,150.572],[-171.914,-46.089],[-162.893,-63.173],[-12.003,-168.343],[11.934,-168.405],[162.878,-63.155],[171.899,-46.009],[171.879,151.446],[151.025,172.204],[88.464,172.2],[46.841,130.508],[46.907,57.624]],"c":true}]}],"ix":2},"nm":"Path 1","mn":"ADBE Vector Shape - Group","hd":false},{"ty":"st","c":{"a":0,"k":[0.071,0.075,0.192,1],"ix":3,"x":"var $bm_rt;\n$bm_rt = comp('system-regular-41-home').layer('control').effect('primary')('Color');"},"o":{"a":0,"k":100,"ix":4},"w":{"a":0,"k":31.3,"ix":5},"lc":2,"lj":2,"bm":0,"nm":".primary","mn":"ADBE Vector Graphic - Stroke","hd":false,"cl":"primary"},{"ty":"tr","p":{"a":0,"k":[0,0],"ix":2},"a":{"a":0,"k":[0,0],"ix":1},"s":{"a":0,"k":[100,100],"ix":3},"r":{"a":0,"k":0,"ix":6},"o":{"a":0,"k":100,"ix":7},"sk":{"a":0,"k":0,"ix":4},"sa":{"a":0,"k":0,"ix":5},"nm":"Transform"}],"nm":"Group 1","np":2,"cix":2,"bm":0,"ix":1,"mn":"ADBE Vector Group","hd":false}],"ip":1,"op":60,"st":0,"ct":1,"bm":0},{"ddd":0,"ind":3,"ty":4,"nm":".primary.design","cl":"primary design","sr":1,"ks":{"o":{"a":0,"k":100,"ix":11},"r":{"a":0,"k":0,"ix":10},"p":{"a":0,"k":[250.002,249.637,0],"ix":2,"l":2},"a":{"a":0,"k":[0,0,0],"ix":1,"l":2},"s":{"a":0,"k":[2083,2083,100],"ix":6,"l":2}},"ao":0,"shapes":[{"ty":"gr","it":[{"ind":0,"ty":"sh","ix":1,"ks":{"a":0,"k":{"i":[[0,0],[0.14,0],[0,0],[0,0.69],[0,0],[0.96,0],[0,0],[0,-0.96],[0,0],[0.69,0],[0,0],[0,0.14],[0,0],[-0.07,0.05],[0,0],[-0.09,-0.06],[0,0],[0,-0.09],[0,0]],"o":[[0,0.14],[0,0],[-0.69,0],[0,0],[0,-0.96],[0,0],[-0.96,0],[0,0],[0,0.69],[0,0],[-0.14,0],[0,0],[0,-0.08],[0,0],[0.09,-0.06],[0,0],[0.07,0.05],[0,0],[0,0]],"v":[[7.5,7.268],[7.25,7.518],[4.25,7.518],[3,6.268],[3,2.768],[1.25,1.018],[-1.25,1.018],[-3,2.768],[-3,6.268],[-4.25,7.518],[-7.25,7.518],[-7.5,7.268],[-7.5,-2.212],[-7.39,-2.423],[-0.14,-7.473],[0.15,-7.473],[7.4,-2.423],[7.51,-2.212],[7.51,7.268]],"c":true},"ix":2},"nm":"Path 1","mn":"ADBE Vector Shape - Group","hd":false},{"ind":1,"ty":"sh","ix":2,"ks":{"a":0,"k":{"i":[[0.47,0.32],[0,0],[0.6,-0.42],[0,0],[0,-0.57],[0,0],[-0.96,0],[0,0],[0,1.52],[0,0],[-0.14,0],[0,0],[0,-0.14],[0,0],[-1.52,0],[0,0],[0,0.96],[0,0]],"o":[[0,0],[-0.6,-0.42],[0,0],[-0.47,0.32],[0,0],[0,0.96],[0,0],[1.52,0],[0,0],[0,-0.14],[0,0],[0.14,0],[0,0],[0,1.52],[0,0],[0.96,0],[0,0],[0,-0.57]],"v":[[8.25,-3.643],[1,-8.702],[-1,-8.702],[-8.25,-3.643],[-9,-2.212],[-9,7.268],[-7.25,9.018],[-4.25,9.018],[-1.5,6.268],[-1.5,2.768],[-1.25,2.518],[1.25,2.518],[1.5,2.768],[1.5,6.268],[4.25,9.018],[7.25,9.018],[9,7.268],[9,-2.212]],"c":true},"ix":2},"nm":"Path 2","mn":"ADBE Vector Shape - Group","hd":false},{"ty":"fl","c":{"a":0,"k":[0.071,0.075,0.192,1],"ix":4,"x":"var $bm_rt;\n$bm_rt = comp('system-regular-41-home').layer('control').effect('primary')('Color');"},"o":{"a":0,"k":100,"ix":5},"r":1,"bm":0,"nm":".primary","mn":"ADBE Vector Graphic - Fill","hd":false,"cl":"primary"},{"ty":"tr","p":{"a":0,"k":[0,0],"ix":2},"a":{"a":0,"k":[0,0],"ix":1},"s":{"a":0,"k":[100,100],"ix":3},"r":{"a":0,"k":0,"ix":6},"o":{"a":0,"k":100,"ix":7},"sk":{"a":0,"k":0,"ix":4},"sa":{"a":0,"k":0,"ix":5},"nm":"Transform"}],"nm":"Group 1","np":3,"cix":2,"bm":0,"ix":1,"mn":"ADBE Vector Group","hd":false}],"ip":60,"op":300,"st":0,"ct":1,"bm":0},{"ddd":0,"ind":4,"ty":4,"nm":".primary.design","cl":"primary design","sr":1,"ks":{"o":{"a":0,"k":100,"ix":11},"r":{"a":0,"k":0,"ix":10},"p":{"a":0,"k":[250.002,249.637,0],"ix":2,"l":2},"a":{"a":0,"k":[0,0,0],"ix":1,"l":2},"s":{"a":0,"k":[2083,2083,100],"ix":6,"l":2}},"ao":0,"shapes":[{"ty":"gr","it":[{"ind":0,"ty":"sh","ix":1,"ks":{"a":0,"k":{"i":[[0,0],[0.14,0],[0,0],[0,0.69],[0,0],[0.96,0],[0,0],[0,-0.96],[0,0],[0.69,0],[0,0],[0,0.14],[0,0],[-0.07,0.05],[0,0],[-0.09,-0.06],[0,0],[0,-0.09],[0,0]],"o":[[0,0.14],[0,0],[-0.69,0],[0,0],[0,-0.96],[0,0],[-0.96,0],[0,0],[0,0.69],[0,0],[-0.14,0],[0,0],[0,-0.08],[0,0],[0.09,-0.06],[0,0],[0.07,0.05],[0,0],[0,0]],"v":[[7.5,7.268],[7.25,7.518],[4.25,7.518],[3,6.268],[3,2.768],[1.25,1.018],[-1.25,1.018],[-3,2.768],[-3,6.268],[-4.25,7.518],[-7.25,7.518],[-7.5,7.268],[-7.5,-2.212],[-7.39,-2.423],[-0.14,-7.473],[0.15,-7.473],[7.4,-2.423],[7.51,-2.212],[7.51,7.268]],"c":true},"ix":2},"nm":"Path 1","mn":"ADBE Vector Shape - Group","hd":false},{"ind":1,"ty":"sh","ix":2,"ks":{"a":0,"k":{"i":[[0.47,0.32],[0,0],[0.6,-0.42],[0,0],[0,-0.57],[0,0],[-0.96,0],[0,0],[0,1.52],[0,0],[-0.14,0],[0,0],[0,-0.14],[0,0],[-1.52,0],[0,0],[0,0.96],[0,0]],"o":[[0,0],[-0.6,-0.42],[0,0],[-0.47,0.32],[0,0],[0,0.96],[0,0],[1.52,0],[0,0],[0,-0.14],[0,0],[0.14,0],[0,0],[0,1.52],[0,0],[0.96,0],[0,0],[0,-0.57]],"v":[[8.25,-3.643],[1,-8.702],[-1,-8.702],[-8.25,-3.643],[-9,-2.212],[-9,7.268],[-7.25,9.018],[-4.25,9.018],[-1.5,6.268],[-1.5,2.768],[-1.25,2.518],[1.25,2.518],[1.5,2.768],[1.5,6.268],[4.25,9.018],[7.25,9.018],[9,7.268],[9,-2.212]],"c":true},"ix":2},"nm":"Path 2","mn":"ADBE Vector Shape - Group","hd":false},{"ty":"fl","c":{"a":0,"k":[0.071,0.075,0.192,1],"ix":4,"x":"var $bm_rt;\n$bm_rt = comp('system-regular-41-home').layer('control').effect('primary')('Color');"},"o":{"a":0,"k":100,"ix":5},"r":1,"bm":0,"nm":".primary","mn":"ADBE Vector Graphic - Fill","hd":false,"cl":"primary"},{"ty":"tr","p":{"a":0,"k":[0,0],"ix":2},"a":{"a":0,"k":[0,0],"ix":1},"s":{"a":0,"k":[100,100],"ix":3},"r":{"a":0,"k":0,"ix":6},"o":{"a":0,"k":100,"ix":7},"sk":{"a":0,"k":0,"ix":4},"sa":{"a":0,"k":0,"ix":5},"nm":"Transform"}],"nm":"Group 1","np":3,"cix":2,"bm":0,"ix":1,"mn":"ADBE Vector Group","hd":false}],"ip":0,"op":1,"st":0,"ct":1,"bm":0}]}],"layers":[{"ddd":0,"ind":1,"ty":3,"nm":"control","sr":1,"ks":{"o":{"a":0,"k":0,"ix":11},"r":{"a":0,"k":0,"ix":10},"p":{"a":0,"k":[0,0],"ix":2,"l":2},"a":{"a":0,"k":[0,0,0],"ix":1,"l":2},"s":{"a":0,"k":[100,100,100],"ix":6,"l":2}},"ao":0,"ef":[{"ty":5,"nm":"primary","np":3,"mn":"ADBE Color Control","ix":1,"en":1,"ef":[{"ty":2,"nm":"Color","mn":"ADBE Color Control-0001","ix":1,"v":{"a":0,"k":[0.071,0.075,0.192],"ix":1}}]}],"ip":0,"op":341,"st":0,"bm":0},{"ddd":0,"ind":3,"ty":0,"nm":"hover-home-2","refId":"comp_1","sr":1,"ks":{"o":{"a":0,"k":100,"ix":11},"r":{"a":0,"k":0,"ix":10},"p":{"a":0,"k":[250,250,0],"ix":2,"l":2},"a":{"a":0,"k":[250,250,0],"ix":1,"l":2},"s":{"a":0,"k":[100,100,100],"ix":6,"l":2}},"ao":0,"w":500,"h":500,"ip":0,"op":70,"st":0,"bm":0}],"markers":[{"tm":0,"cm":"default:hover-home-2","dr":60}],"props":{}}