{"v":"5.9.0","fr":30,"ip":0,"op":60,"w":96,"h":96,"nm":"Profile_01","ddd":0,"assets":[],"layers":[{"ddd":0,"ind":1,"ty":4,"nm":"L2 Outlines","sr":1,"ks":{"o":{"a":0,"k":100,"ix":11},"r":{"a":0,"k":0,"ix":10},"p":{"a":1,"k":[{"i":{"x":0.833,"y":0.833},"o":{"x":0.167,"y":0.167},"t":0,"s":[47.995,26.992,0],"to":[0,0,0],"ti":[0,0,0]},{"i":{"x":0.833,"y":0.833},"o":{"x":0.167,"y":0.167},"t":6,"s":[47.995,26.992,0],"to":[0,0,0],"ti":[0,0,0]},{"i":{"x":0.667,"y":1},"o":{"x":0.167,"y":0.167},"t":25,"s":[47.995,26.992,0],"to":[0,0,0],"ti":[4.5,-9.146,0]},{"i":{"x":0.667,"y":1},"o":{"x":0.333,"y":0},"t":26,"s":[47.995,26.992,0],"to":[-4.5,9.146,0],"ti":[-3.896,0.042,0]},{"i":{"x":0.667,"y":1},"o":{"x":0.333,"y":0},"t":33,"s":[37.495,36.117,0],"to":[3.896,-0.042,0],"ti":[-3.896,0.042,0]},{"i":{"x":0.667,"y":1},"o":{"x":0.333,"y":0},"t":34,"s":[37.495,36.117,0],"to":[3.896,-0.042,0],"ti":[-3.5,-0.042,0]},{"i":{"x":0.667,"y":1},"o":{"x":0.333,"y":0},"t":40,"s":[61.245,36.117,0],"to":[3.5,0.042,0],"ti":[-3.5,-0.042,0]},{"i":{"x":0.667,"y":1},"o":{"x":0.333,"y":0},"t":41,"s":[61.245,36.117,0],"to":[3.5,0.042,0],"ti":[4.958,8.958,0]},{"i":{"x":0.667,"y":1},"o":{"x":0.333,"y":0},"t":47,"s":[47.995,26.992,0],"to":[-4.958,-8.958,0],"ti":[4.958,8.958,0]},{"t":48,"s":[47.995,26.992,0]}],"ix":2,"l":2},"a":{"a":0,"k":[47.995,26.992,0],"ix":1,"l":2},"s":{"a":0,"k":[100,100,100],"ix":6,"l":2}},"ao":0,"shapes":[{"ty":"gr","it":[{"ind":0,"ty":"sh","ix":1,"ks":{"a":0,"k":{"i":[[0,-8.837],[8.837,0],[0,8.837],[-8.837,0]],"o":[[0,8.837],[-8.837,0],[0,-8.837],[8.837,0]],"v":[[16,0],[0,16],[-16,0],[0,-16]],"c":true},"ix":2},"nm":"Path 1","mn":"ADBE Vector Shape - Group","hd":false},{"ty":"st","c":{"a":0,"k":[0.03137254902,0.054901964524,0.117647066303,1],"ix":3},"o":{"a":0,"k":100,"ix":4},"w":{"a":0,"k":6,"ix":5},"lc":2,"lj":2,"bm":0,"nm":"Stroke 1","mn":"ADBE Vector Graphic - Stroke","hd":false},{"ty":"tr","p":{"a":0,"k":[47.995,26.992],"ix":2},"a":{"a":0,"k":[0,0],"ix":1},"s":{"a":0,"k":[100,100],"ix":3},"r":{"a":0,"k":0,"ix":6},"o":{"a":0,"k":100,"ix":7},"sk":{"a":0,"k":0,"ix":4},"sa":{"a":0,"k":0,"ix":5},"nm":"Transform"}],"nm":"Group 1","np":2,"cix":2,"bm":0,"ix":1,"mn":"ADBE Vector Group","hd":false}],"ip":0,"op":60,"st":0,"bm":0},{"ddd":0,"ind":2,"ty":4,"nm":"L1 Outlines","sr":1,"ks":{"o":{"a":0,"k":100,"ix":11},"r":{"a":0,"k":0,"ix":10},"p":{"a":0,"k":[48,48,0],"ix":2,"l":2},"a":{"a":0,"k":[48,48,0],"ix":1,"l":2},"s":{"a":0,"k":[100,100,100],"ix":6,"l":2}},"ao":0,"shapes":[{"ty":"gr","it":[{"ind":0,"ty":"sh","ix":1,"ks":{"a":1,"k":[{"i":{"x":0.667,"y":1},"o":{"x":0.333,"y":0},"t":26,"s":[{"i":[[-6.64,-9.96],[12.84,0],[6.6,9.96],[-12.84,0]],"o":[[-6.6,9.96],[-12.84,0],[6.64,-9.96],[12.84,0]],"v":[[30.8,-0.02],[0,16.5],[-30.8,-0.02],[0,-16.5]],"c":true}]},{"i":{"x":0.667,"y":1},"o":{"x":0.333,"y":0},"t":33,"s":[{"i":[[-6.64,-9.96],[12.84,0],[6.6,9.96],[-12.84,0]],"o":[[-6.6,9.96],[-12.84,0],[6.64,-9.96],[12.84,0]],"v":[[30.8,-0.02],[0,16.5],[-30.8,-0.02],[0,-4.5]],"c":true}]},{"i":{"x":0.667,"y":1},"o":{"x":0.333,"y":0},"t":41,"s":[{"i":[[-6.64,-9.96],[12.84,0],[6.6,9.96],[-12.84,0]],"o":[[-6.6,9.96],[-12.84,0],[6.64,-9.96],[12.84,0]],"v":[[30.8,-0.02],[0,16.5],[-30.8,-0.02],[0,-4.5]],"c":true}]},{"t":47,"s":[{"i":[[-6.64,-9.96],[12.84,0],[6.6,9.96],[-12.84,0]],"o":[[-6.6,9.96],[-12.84,0],[6.64,-9.96],[12.84,0]],"v":[[30.8,-0.02],[0,16.5],[-30.8,-0.02],[0,-16.5]],"c":true}]}],"ix":2},"nm":"Path 1","mn":"ADBE Vector Shape - Group","hd":false},{"ty":"st","c":{"a":0,"k":[0.03137254902,0.054901964524,0.117647066303,1],"ix":3},"o":{"a":0,"k":100,"ix":4},"w":{"a":0,"k":6,"ix":5},"lc":2,"lj":2,"bm":0,"nm":"Stroke 1","mn":"ADBE Vector Graphic - Stroke","hd":false},{"ty":"tr","p":{"a":0,"k":[48,68.508],"ix":2},"a":{"a":0,"k":[0,0],"ix":1},"s":{"a":0,"k":[100,100],"ix":3},"r":{"a":0,"k":0,"ix":6},"o":{"a":0,"k":100,"ix":7},"sk":{"a":0,"k":0,"ix":4},"sa":{"a":0,"k":0,"ix":5},"nm":"Transform"}],"nm":"Group 1","np":2,"cix":2,"bm":0,"ix":1,"mn":"ADBE Vector Group","hd":false}],"ip":0,"op":60,"st":0,"bm":0}],"markers":[]}